,Time,day
0,2.719500205,1
1,2.732434807,1
2,2.624915922,1
3,2.658060842,1
4,2.67261227,1
5,2.686355285,1
6,2.581261638,1
7,2.742135759,1
8,2.634616874,1
9,2.290233079,1
10,2.295083555,1
11,2.30882657,1
12,2.210200225,1
13,2.119658006,1
14,2.003246583,1
15,2.151994513,1
16,2.055793406,1
17,2.177863719,1
18,2.194840385,1
19,2.221518002,1
20,1.987886742,1
21,1.992737218,1
22,1.899769761,1
23,2.035583089,1
24,1.68715723,1
25,1.7106011980000002,1
26,1.827821034,1
27,1.842372462,1
28,1.616016916,1
29,1.391278195,1
30,1.5238578719999998,1
31,1.180282489,1
32,1.424423114,1
33,1.446250256,1
34,1.576404695,1
35,1.464843747,1
36,1.59014771,1
37,1.594998186,1
38,1.600657075,1
39,1.488287715,1
40,1.257081692,1
41,1.401787559,1
42,1.402595972,1
43,1.281334072,1
44,1.536792474,1
45,1.4211894630000002,1
46,1.185132965,1
47,1.443016606,1
48,1.438166129,1
49,1.4454418430000002,1
50,0.949076467,1
51,0.974137259,1
52,0.979796148,1
53,0.85610901,1
54,0.983029799,1
55,0.879552977,1
56,1.008090591,1
57,0.8819782159999999,1
58,0.632178702,1
59,0.774459331,1
60,0.526276643,1
61,0.397739029,1
62,0.407439981,1
63,0.5173841029999999,1
64,0.394505378,1
65,0.5173841029999999,1
66,0.270009828,1
67,0.2554584,1
68,0.361360459,1
69,0.467262518,1
70,0.337108079,1
71,0.082458089,1
72,0.227972369,1
73,0.334682841,1
74,0.098626343,1
75,0.318514588,1
76,0.438968075,1
77,0.5456785470000001,1
78,0.548103785,1
79,0.657239495,1
80,0.641071241,1
81,0.8844034540000001,1
82,0.741314412,1
83,0.8609594859999999,1
84,0.715445207,1
85,1.060637415,1
86,1.05012805,1
87,1.151179633,1
88,0.993539163,1
89,1.204534869,1
90,1.291843437,1
91,1.254656454,1
92,1.485054064,1
93,1.55376914,1
94,1.751830243,1
95,1.58691406,1
96,1.523049459,1
97,1.722727388,1
98,1.697666595,1
99,2.003246583,1
100,2.071961659,1
101,2.107531817,1
102,2.1584618140000003,1
103,2.322569586,1
104,2.480210055,1
105,2.265980699,1
106,2.544883069,1
107,2.576411163,1
108,2.589345765,1
109,2.606322432,1
110,2.829444327,1
111,2.805191947,1
112,3.022654954,1
113,3.157659869,1
114,3.323384465,1
115,2.913519244,1
116,3.246585262,1
117,3.20939828,1
118,3.187571138,1
119,3.144725267,1
120,3.348445258,1
121,3.3993752560000003,1
122,3.239309548,1
123,3.391291129,1
124,3.200505741,1
125,3.3597630360000004,1
126,3.631389691,1
127,3.530338108,1
128,3.788221749,1
129,3.981432376,1
130,4.02832031,1
131,3.976581899,1
132,4.477797752,1
133,4.426867754,1
134,4.482648228,1
135,4.306414267,1
136,4.654840126,1
137,4.035596024,1
138,3.249818913,1
139,2.440597835,1
140,2.491527833,1
141,1.493138191,1
142,3.640282231,1
143,6.427689102,1
144,10.54170116,1
145,11.79312396,1
146,11.54494127,1
147,10.45600941,1
148,11.55060016,1
149,15.11974208,1
150,14.40753052,1
151,14.85054066,1
152,14.79799384,1
153,13.48432326,1
154,12.33233521,1
155,9.788260552,1
156,9.825447535,1
157,7.580485562000001,1
158,7.9313366589999985,1
159,10.63547703,1
160,6.861806702999999,1
161,3.683936514,1
162,2.5085044990000003,1
163,2.428471645,1
164,2.204541336,1
165,2.036391502,1
166,2.114807531,1
167,2.249812446,1
168,2.874715436,1
169,3.274071293,1
170,3.266795579,1
171,3.271646055,1
172,3.443837953,1
173,3.632198104,1
174,3.527104457,1
175,3.79468905,1
176,3.682319689,1
177,3.663726198,1
178,3.654025246,1
179,3.748609528,1
180,3.851277936,1
181,3.95556317,1
182,3.932927616,1
183,3.93131079,1
184,3.88280603,1
185,3.932927616,1
186,3.895740633,1
187,3.740525401,1
188,3.623305565,1
189,3.587735407,1
190,3.647557945,1
191,3.429286525,1
192,3.468898745,1
193,3.645132707,1
194,3.551356837,1
195,3.625730802,1
196,3.432520175,1
197,3.239309548,1
198,3.392099542,1
199,3.428478112,1
200,3.20939828,1
201,2.873098611,1
202,2.651593541,1
203,2.808425598,1
204,2.724350681,1
205,2.761537663,1
206,2.536798942,1
207,2.560242909,1
208,2.353289267,1
209,2.384817361,1
210,2.166545941,1
211,2.45434085,1
212,2.501228785,1
213,2.157653402,1
214,2.207774987,1
215,2.001629757,1
216,1.902195,1
217,2.057410231,1
218,2.206158162,1
219,1.997587694,1
220,1.661288025,1
221,1.813269606,1
222,1.837521986,1
223,1.977377378,1
224,1.900578174,1
225,1.907853888,1
226,1.943424045,1
227,1.853690239,1
228,2.007288646,1
229,2.025882137,1
230,1.835096748,1
231,1.865008017,1
232,1.889260397,1
233,1.790634052,1
234,1.467268985,1
235,1.59904025,1
236,1.616825329,1
237,1.3937034330000002,1
238,1.302352802,1
239,1.193217092,1
240,1.376726767,1
241,1.267591057,1
242,1.282142485,1
243,1.4373577169999998,1
244,1.451909145,1
245,1.46565216,1
246,1.3605585130000002,1
247,1.643502946,1
248,1.291843437,1
249,1.435740891,1
250,1.440591367,1
251,1.33226407,1
252,1.355708037,1
253,1.509306444,1
254,1.637035645,1
255,1.6637132630000002,1
256,1.567512156,1
257,1.567512156,1
258,1.706559135,1
259,1.7332367519999998,1
260,1.621675804,1
261,1.504455968,1
262,1.289418199,1
263,1.303161214,1
264,1.5650869180000002,1
265,1.4664605730000002,1
266,1.461610097,1
267,1.476161525,1
268,1.249805979,1
269,1.14713757,1
270,1.40178756,1
271,1.180282489,1
272,1.302352802,1
273,1.202109631,1
274,1.4543343830000002,1
275,1.09863281,1
276,1.223936773,1
277,1.350857561,1
278,1.35651645,1
279,1.24414709,1
280,1.012941067,1
281,1.035576622,1
282,0.914314722,1
283,0.915123135,1
284,0.8043705990000001,1
285,0.810837901,1
286,1.063062653,1
287,1.076805668,1
288,1.071955192,1
289,0.957160593,1
290,1.071146779,1
291,1.096207572,1
292,0.979796148,1
293,0.978179323,1
294,0.8609594859999999,1
295,0.635412352,1
296,0.641879654,1
297,0.637837591,1
298,0.510108389,1
299,0.530318706,1
300,0.648346955,1
301,0.519809341,1
302,0.8957212309999999,1
303,0.883595041,1
304,0.882786628,1
305,0.7615247279999999,1
306,0.636220765,1
307,0.74373965,1
308,0.849641709,1
309,0.8334734559999999,1
310,1.069529954,1
311,0.8148799640000001,1
312,-0.138238569,1
313,-0.397739034,1
314,-0.877936157,1
315,-0.780118225,1
316,-1.025875675,1
317,-0.797094891,1
318,-0.916739965,1
319,-0.929674568,1
320,-0.8237725090000001,1
321,-0.7025106090000001,1
322,-0.723529338,1
323,-0.7259545759999999,1
324,-0.749398543,1
325,-0.64834696,1
326,-0.780926637,1
327,-0.8019453670000001,1
328,-0.8375155240000001,1
329,-0.7485901309999999,1
330,-0.7833518759999999,1
331,-0.698468546,1
332,-0.7122115609999999,1
333,-0.643496485,1
334,-0.567505694,1
335,-0.610351565,1
336,-0.430075541,1
337,-0.59660855,1
338,-0.621669342,1
339,-0.56022998,1
340,-0.491514903,1
341,-0.333874433,1
342,-0.527085061,1
343,-0.7291882270000001,1
344,-0.69361807,1
345,-0.297495863,1
346,-0.384804431,1
347,-0.597416962,1
348,-0.09620111,1
349,-0.445435381,1
350,-0.588524423,1
351,-0.734847115,1
352,-0.517384109,1
353,-0.504449506,1
354,-0.460795222,1
355,-0.260308881,1
356,-0.049313175,1
357,0.157640467,1
358,0.135813325,1
359,0.092967454,1
360,0.174617133,1
361,0.103476819,1
362,-0.056588889,1
363,-0.026677621,1
364,-0.095392697,1
365,-0.424416652,1
366,-0.396930621,1
367,-0.375911892,1
368,0.004042061,1
369,0.075182376,1
370,-0.122070315,1
371,-0.17380872600000002,1
372,-0.03880381,1
373,0.398547442,1
374,0.942609166,1
375,0.8884455170000001,1
376,0.260308876,1
377,-0.7251461640000001,1
378,-1.510923275,1
379,-2.442214665,1
380,-3.245776855,1
381,-3.389674309,1
382,-1.486670894,1
383,0.812454727,1
384,2.6071308440000003,1
385,4.590975525,1
386,6.906269399,1
387,8.502884414,1
388,9.841615788,1
389,9.626578019,1
390,10.2571399,1
391,11.43257191,1
392,11.74623603,1
393,10.18842482,1
394,11.11163209,1
395,9.910330865,1
396,10.92408035,1
397,10.63224337,1
398,8.541688222000001,1
399,8.560281713,1
400,9.913564515,1
401,10.03159276,1
402,10.07686387,1
403,9.264409145,1
404,7.819775711,1
405,6.30885244,1
406,4.678284093,1
407,3.348445258,1
408,2.874715436,1
409,2.541649418,1
410,2.412303392,1
411,1.928872618,1
412,2.101064515,1
413,1.923213729,1
414,1.818120082,1
415,1.719493737,1
416,1.607124377,1
417,1.588530885,1
418,1.456759621,1
419,1.42927359,1
420,1.409871686,1
421,1.270016295,1
422,1.369451053,1
423,1.6119748530000002,1
424,1.563470093,1
425,1.491521366,1
426,1.4543343830000002,1
427,1.4211894630000002,1
428,1.42603994,1
429,1.3904697819999998,1
430,1.45029232,1
431,1.598231837,1
432,1.27163312,1
433,1.203726457,1
434,1.354091212,1
435,1.428465177,1
436,1.479395175,1
437,1.408254861,1
438,1.438974542,1
439,1.3532828,1
440,1.3783435919999998,1
441,1.408254861,1
442,1.430890416,1
443,1.343581848,1
444,1.503647556,1
445,1.296693913,1
446,1.316095817,1
447,1.217469472,1
448,1.620867392,1
449,1.408254861,1
450,1.434124066,1
451,1.5998486630000002,1
452,1.646736597,1
453,1.6693721519999998,1
454,1.475353112,1
455,1.63541882,1
456,1.658054375,1
457,1.813269606,1
458,1.595806599,1
459,1.509306444,1
460,1.5392177130000002,1
461,1.569128981,1
462,1.5933813609999998,1
463,1.489096128,1
464,1.534367237,1
465,1.4195726380000002,1
466,1.455142795,1
467,1.487479302,1
468,1.519007396,1
469,1.415530575,1
470,1.3468154980000002,1
471,1.376726767,1
472,1.278908835,1
473,1.180282489,1
474,1.22312836,1
475,1.232829313,1
476,1.372684704,1
477,1.149562808,1
478,1.180282489,1
479,1.193217092,1
480,0.766375205,2
481,0.657239495,2
482,0.671790922,2
483,0.582865529,2
484,0.5974169570000001,2
485,0.733230285,2
486,0.383996013,2
487,0.544870134,2
488,0.559421562,2
489,0.581248704,2
490,0.58609918,2
491,0.35570157,2
492,0.379145537,2
493,0.16653300599999998,2
494,0.41633252,2
495,0.198869513,2
496,0.224738719,2
497,0.224738719,2
498,0.241715385,2
499,0.268393002,2
500,0.156832054,2
501,0.28375284300000003,2
502,0.312855699,2
503,0.326598714,2
504,0.344383793,2
505,0.123687135,2
506,0.118836659,2
507,0.133388087,2
508,0.151173166,2
509,0.048504757,2
510,0.059014122,2
511,0.081649677,2
512,0.203719989,2
513,0.225547131,2
514,0.233631258,2
515,0.12207031,2
516,0.003233648,2
517,0.13015443599999998,2
518,0.135813325,2
519,0.26758459,2
520,0.280519192,2
521,0.303154747,2
522,0.303963159,2
523,0.18270126,2
524,0.071948724,2
525,-0.043654287,2
526,0.330640778,2
527,-0.021827144,2
528,-0.026677621,2
529,0.102668406,2
530,-0.027486033,2
531,-0.246565866,2
532,-0.118836665,2
533,-0.12045349,2
534,-0.237673326,2
535,0.02506079,2
536,-0.090542221,2
537,-0.338724909,2
538,-0.100243173,2
539,-0.080032857,2
540,-0.08407492,2
541,-0.212612534,2
542,-0.08084126900000001,2
543,-0.092967459,2
544,-0.093775872,2
545,-0.092967459,2
546,0.025869203,2
547,-0.110752538,2
548,-0.371061416,2
549,-0.387229669,2
550,-0.151173171,2
551,-0.161682536,2
552,-0.138238569,2
553,-0.153598409,2
554,-0.145514282,2
555,-0.04769635,2
556,0.072757137,2
557,0.17946760899999994,2
558,-0.062247778,2
559,0.168958245,2
560,-0.21342094600000006,2
561,0.029911266,2
562,0.008892536999999999,2
563,0.006467299,2
564,0.349234269,2
565,0.450285852,2
566,0.195635863,2
567,0.174617133,2
568,0.261117288,2
569,0.350042681,2
570,0.559421562,2
571,0.6443048920000001,2
572,0.508491564,2
573,0.455136328,2
574,0.286986493,2
575,0.488281247,2
576,0.668557272,2
577,0.7461648879999999,2
578,0.721104095,2
579,0.90461377,2
580,0.8512585340000001,2
581,0.7647583790000001,2
582,0.449477439,2
583,0.7356555229999999,2
584,0.649155368,2
585,0.434926012,2
586,0.469687756,2
587,0.623286163,2
588,0.514150453,2
589,0.531127119,2
590,-0.100243173,2
591,-0.00242524,2
592,0.092967454,2
593,-0.016168256000000002,2
594,-0.094584285,2
595,0.105902057,2
596,0.072757137,2
597,0.401781092,2
598,0.7461648879999999,2
599,0.703319017,2
600,0.6628983829999999,2
601,0.835898694,2
602,1.042043923,2
603,0.7057442540000001,2
604,0.8811698029999999,2
605,1.162497411,2
606,1.189983441,2
607,1.333072483,2
608,1.713026436,2
609,1.784166751,2
610,1.831054685,2
611,1.779316274,2
612,2.036391502,2
613,1.375109942,2
614,0.820538853,2
615,-0.08811698300000001,2
616,-0.5941833120000001,2
617,-1.701708664,2
618,-2.975767025,2
619,-3.907058415,2
620,-4.344409667,2
621,-5.342799309,2
622,-5.392920894,2
623,-4.9248499610000005,2
624,-4.350876969,2
625,-4.320157287,2
626,-4.080058726,2
627,-1.0185999609999998,2
628,3.3718892260000004,2
629,5.720328019,2
630,5.618468022999999,2
631,1.911087539,2
632,2.346821966,2
633,5.305612322,2
634,5.374327397999999,2
635,6.73650274,2
636,5.552986597,2
637,4.894938687,2
638,6.588563222,2
639,7.949930151,2
640,6.861806702999999,2
641,6.125342764,2
642,5.560262312000001,2
643,4.259526332,2
644,4.890088211,2
645,4.599868065,2
646,3.4575809680000003,2
647,3.104304633,2
648,2.874715436,2
649,2.907860355,2
650,2.656444017,2
651,2.53922418,2
652,2.467275453,2
653,2.411494979,2
654,2.428471645,2
655,2.451915612,2
656,2.339546252,2
657,2.32095276,2
658,2.189181496,2
659,2.161695465,2
660,2.0202232490000003,2
661,1.880367858,2
662,1.857732303,2
663,1.856115478,2
664,2.0517513430000003,2
665,1.857732303,2
666,1.942615633,2
667,1.909470713,2
668,1.91432119,2
669,1.878751032,2
670,1.816503257,2
671,1.72030215,2
672,1.75991437,2
673,1.814078019,2
674,1.842372462,2
675,1.916746427,2
676,1.845606113,2
677,1.896536111,2
678,1.927255792,2
679,1.963634362,2
680,1.866624842,2
681,1.896536111,2
682,2.041241978,2
683,1.95393341,2
684,1.991928806,2
685,1.784975163,2
686,1.804377067,2
687,1.827821034,2
688,1.865008017,2
689,1.896536111,2
690,1.922405316,2
691,1.9660596,2
692,1.76880691,2
693,1.913512777,2
694,1.963634362,2
695,2.001629757,2
696,1.902195,2
697,1.935339919,2
698,1.839947224,2
699,1.753447069,2
700,1.7833583380000002,2
701,1.813269606,2
702,1.837521986,2
703,1.855307065,2
704,1.900578174,2
705,1.907853888,2
706,1.943424045,2
707,1.853690239,2
708,1.885218334,2
709,1.903811825,2
710,1.713026436,2
711,1.865008017,2
712,1.889260397,2
713,1.912704364,2
714,1.955550235,2
715,1.843180875,2
716,1.983036266,2
717,2.004054995,2
718,1.790634052,2
719,1.803568654,2
720,1.376726767,2
721,1.511731682,2
722,1.4042127969999998,2
723,1.315287404,2
724,1.451909145,2
725,1.3435818469999998,2
726,1.482628826,2
727,1.521432634,2
728,1.5359840619999998,2
729,1.435740891,2
730,1.318521055,2
731,1.33226407,2
732,1.599848662,2
733,1.509306444,2
734,1.514965333,2
735,1.541642951,2
736,1.567512156,2
737,1.689582469,2
738,1.584488822,2
739,1.4890961269999998,2
740,1.499605492,2
741,1.504455968,2
742,1.533558824,2
743,1.547301839,2
744,1.443016605,2
745,1.34439026,2
746,1.339539784,2
747,1.354091212,2
748,1.127735666,2
749,1.14713757,2
750,1.157646935,2
751,1.180282489,2
752,0.936141864,2
753,0.957969006,2
754,0.721912508,2
755,0.61035156,2
756,0.491514898,2
757,0.618435686,2
758,0.624094575,2
759,0.6337955270000001,2
760,0.5246598170000001,2
761,0.547295372,2
762,0.548103784,2
763,0.548912197,2
764,0.438159662,2
765,0.444626963,2
766,0.574781403,2
767,0.466454106,2
768,0.3395333170000001,2
769,0.590949656,2
770,0.460795217,2
771,0.363785697,2
772,0.369444585,2
773,0.489898073,2
774,0.372678236,2
775,0.391271727,2
776,0.27566871600000004,2
777,0.393696966,2
778,0.14389745199999998,2
779,0.28617808100000003,2
780,0.282136018,2
781,0.153598404,2
782,0.163299356,2
783,0.151173166,2
784,0.15036475300000002,2
785,0.273243478,2
786,0.270009828,2
787,0.2554584,2
788,-0.126920791,2
789,0.223121893,2
790,0.215037766,2
791,0.204528402,2
792,-0.016168256000000002,2
793,0.212612528,2
794,0.098626343,2
795,0.074373963,2
796,0.19482745,2
797,-0.064673016,2
798,0.30396316,2
799,0.291028557,2
800,0.396930616,2
801,0.151981579,2
802,0.253033162,2
803,0.372678236,2
804,0.349234269,2
805,0.32821554,2
806,0.317706175,2
807,0.540828071,2
808,0.627328226,2
809,0.7162536190000001,2
810,0.803562187,2
811,0.8884455170000001,2
812,0.996772814,2
813,1.431698828,2
814,1.385619306,2
815,1.464843747,2
816,1.523049459,2
817,1.35651645,2
818,1.209385345,2
819,1.026684083,2
820,1.217469472,2
821,1.497180254,2
822,1.426039939,2
823,1.468077398,2
824,1.25950693,2
825,1.4114885119999998,2
826,1.202109631,2
827,1.3557080380000002,2
828,1.36864264,2
829,1.263548994,2
830,1.48667089,2
831,1.218277885,2
832,0.947459641,2
833,0.960394244,2
834,0.881978215,2
835,0.960394244,2
836,1.049319637,2
837,0.890062342,2
838,1.35651645,2
839,1.435740892,2
840,1.517390571,2
841,1.5683205690000002,2
842,1.286184548,2
843,1.438166129,2
844,1.491521366,2
845,1.284567723,2
846,0.945842816,2
847,0.966861546,2
848,0.8585342490000001,2
849,0.929674563,2
850,0.854492185,2
851,0.924824087,2
852,1.059829002,2
853,0.886828692,2
854,1.308820103,2
855,1.376726767,2
856,1.847222938,2
857,1.1059085240000002,2
858,0.32013141300000003,2
859,-0.122878728,2
860,0.172191895,2
861,3.4462631910000003,2
862,4.1285634810000005,2
863,2.521439102,2
864,0.043654281,2
865,-0.16976666199999998,2
866,-0.295879038,2
867,-0.286178086,2
868,-1.144712337,2
869,-2.2142422930000003,2
870,-2.682313227,2
871,-3.215865586,2
872,-2.902201472,2
873,-2.506887678,2
874,-1.949891352,2
875,-2.4187706980000003,2
876,-2.503654028,2
877,-2.30720975,2
878,-1.956358653,2
879,-1.4494839119999998,2
880,-0.950693297,2
881,-1.809227548,2
882,-2.374308001,2
883,-2.820551793,2
884,-2.8003414760000003,2
885,-3.212631935,2
886,-3.378356532,2
887,-3.853703179,2
888,-3.961222064,2
889,-4.294288082,2
890,-4.667774733,2
891,-4.29671332,2
892,-4.246591735,2
893,-3.936161271,2
894,-3.797114293,2
895,-3.651600013,2
896,-3.519828748,2
897,-3.53842224,2
898,-3.426052879,2
899,-3.45353891,2
900,-3.228800189,2
901,-2.88037433,2
902,-3.025080197,2
903,-2.782556397,2
904,-2.708990845,2
905,-2.6588692590000003,2
906,-2.57398593,2
907,-2.6071308490000003,2
908,-2.48021006,2
909,-2.393709905,2
910,-2.700098305,2
911,-2.3080181630000003,2
912,-2.390476255,2
913,-2.2142422930000003,2
914,-2.3080181630000003,2
915,-2.233644198,2
916,-1.938573575,2
917,-2.009713889,2
918,-1.978994208,2
919,-1.942615638,2
920,-1.917554845,2
921,-1.887643577,2
922,-1.742937709,2
923,-1.708175965,2
924,-1.670180569,2
925,-1.632993587,2
926,-1.613591683,2
927,-1.590147716,2
928,-1.552960733,2
929,-1.521432639,2
930,-1.739704059,2
931,-1.45190915,2
932,-1.527091528,2
933,-1.5044559730000002,2
934,-1.5764047,2
935,-1.538409305,2
936,-1.3937034380000002,2
937,-1.482628831,2
938,-1.455951213,2
939,-1.298310743,2
940,-1.268399475,2
941,-1.238488206,2
942,-1.458376451,2
943,-1.31852106,2
944,-1.273249951,2
945,-1.143903924,2
946,-1.23040408,2
947,-1.075997261,2
948,-1.166539479,2
949,-0.903805363,2
950,-0.972520439,2
951,-0.94260917,2
952,-1.162497415,2
953,-1.016983136,2
954,-1.096207577,2
955,-0.720295687,2
956,-0.946651234,2
957,-0.803562192,2
958,-0.650772198,2
959,-0.759907908,2
960,1.742937705,3
961,1.633801995,3
962,1.6483534219999998,3
963,1.6814983419999998,3
964,1.573979457,3
965,1.5877224719999998,3
966,1.482628826,3
967,1.521432634,3
968,1.658054374,3
969,1.557811204,3
970,1.56266168,3
971,1.4543343830000002,3
972,1.47777835,3
973,1.631376756,3
974,1.514965333,3
975,1.4195726380000002,3
976,1.445441844,3
977,1.445441844,3
978,1.340348197,3
979,1.244955502,3
980,1.255464867,3
981,1.260315343,3
982,1.289418199,3
983,1.303161214,3
984,1.5650869180000002,3
985,1.588530885,3
986,1.339539784,3
987,1.354091212,3
988,1.371876291,3
989,1.391278195,3
990,1.279717247,3
991,1.302352802,3
992,1.180282489,3
993,1.202109631,3
994,1.33226407,3
995,1.09863281,3
996,1.223936773,3
997,1.228787249,3
998,1.112375825,3
999,1.24414709,3
1000,1.13501138,3
1001,1.035576622,3
1002,1.036385034,3
1003,1.037193447,3
1004,0.8043705990000001,3
1005,0.932908213,3
1006,0.94099234,3
1007,0.832665043,3
1008,0.827814567,3
1009,0.8350902809999999,3
1010,0.8270061540000001,3
1011,0.8520669470000001,3
1012,0.857725835,3
1013,0.85610901,3
1014,0.8609594859999999,3
1015,0.757482665,3
1016,0.763949966,3
1017,0.637837591,3
1018,0.632178702,3
1019,0.6523890179999999,3
1020,0.526276643,3
1021,0.519809341,3
1022,0.407439981,3
1023,0.5173841029999999,3
1024,0.516575691,3
1025,0.273243478,3
1026,0.39208014,3
1027,0.377528712,3
1028,0.361360459,3
1029,0.345192206,3
1030,0.337108079,3
1031,0.204528402,3
1032,0.472112994,3
1033,0.334682841,3
1034,0.34276696799999995,3
1035,0.318514588,3
1036,0.316897762,3
1037,0.301537922,3
1038,0.30396316,3
1039,0.41309887,3
1040,0.396930616,3
1041,0.518192516,3
1042,0.497173787,3
1043,0.616818861,3
1044,0.715445207,3
1045,0.694426477,3
1046,0.928057738,3
1047,0.784968696,3
1048,0.749398538,3
1049,0.960394244,3
1050,0.925632499,3
1051,0.766375204,3
1052,0.7526321890000001,3
1053,0.821347265,3
1054,0.775267743,3
1055,0.854492185,3
1056,0.912697897,3
1057,0.990305513,3
1058,1.209385345,3
1059,1.148754395,3
1060,1.217469472,3
1061,1.253039629,3
1062,1.181899314,3
1063,1.346007086,3
1064,1.25950693,3
1065,1.4114885119999998,3
1066,1.3241799440000002,3
1067,1.233637725,3
1068,1.246572328,3
1069,1.507689619,3
1070,1.6087412019999998,3
1071,1.828629447,3
1072,1.435740891,3
1073,1.326605181,3
1074,1.248189153,3
1075,1.326605182,3
1076,1.293460262,3
1077,1.500413905,3
1078,1.478586763,3
1079,1.557811204,3
1080,1.517390571,3
1081,1.690390881,3
1082,1.774465798,3
1083,2.048517692,3
1084,2.101872928,3
1085,2.383200536,3
1086,2.044475629,3
1087,1.821353733,3
1088,1.713026436,3
1089,1.906237063,3
1090,1.953124998,3
1091,1.901386587,3
1092,1.91432119,3
1093,1.985461504,3
1094,2.041241978,3
1095,1.865008017,3
1096,2.0913635630000003,3
1097,1.472119461,3
1098,0.8084126629999999,3
1099,0.24333221,3
1100,0.172191895,3
1101,3.690403816,3
1102,6.447899418,3
1103,4.718704727,3
1104,1.508498031,3
1105,0.684725525,3
1106,0.070331899,3
1107,0.080032851,3
1108,-0.168149837,3
1109,-0.383187606,3
1110,-1.217469477,3
1111,-2.361373399,3
1112,-2.902201472,3
1113,-2.995168928,3
1114,-2.926453852,3
1115,-3.273262885,3
1116,-3.480216528,3
1117,-3.894123813,3
1118,-4.2756945910000015,3
1119,-4.989522974,3
1120,-4.97901361,3
1121,-5.715477548,3
1122,-6.524698626,3
1123,-7.09301273,3
1124,-6.828661789,3
1125,-6.508530372999999,3
1126,-6.063903407000001,3
1127,-5.318546929,3
1128,-4.937784563999999,3
1129,-4.66049902,3
1130,-4.667774733,3
1131,-4.29671332,3
1132,-4.124521422,3
1133,-3.936161271,3
1134,-3.67504398,3
1135,-3.285389075,3
1136,-3.153617811,3
1137,-3.05014099,3
1138,-2.937771629,3
1139,-2.96525766,3
1140,-2.862589251,3
1141,-2.514163392,3
1142,-2.4147286340000003,3
1143,-2.41634546,3
1144,-2.46485022,3
1145,-2.4147286340000003,3
1146,-2.207774992,3
1147,-2.240919912,3
1148,-2.236069435,3
1149,-2.271639593,3
1150,-1.96767643,3
1151,-1.6976666,3
1152,-1.902195005,3
1153,-1.848031356,3
1154,-1.6976666,3
1155,-1.623292635,3
1156,-1.69443295,3
1157,-1.643502952,3
1158,-1.61278327,3
1159,-1.5764047,3
1160,-1.5513439080000002,3
1161,-1.399362327,3
1162,-1.3767267719999998,3
1163,-1.46403534,3
1164,-1.426039944,3
1165,-1.266782649,3
1166,-1.247380746,3
1167,-1.223936778,3
1168,-1.064679483,3
1169,-1.033151389,3
1170,-1.129352496,3
1171,-0.9636279,3
1172,-0.916739965,3
1173,-0.8941044109999999,3
1174,-1.08812345,3
1175,-0.928057743,3
1176,-1.0274925,3
1177,-0.994347581,3
1178,-0.967669963,3
1179,-0.932099806,3
1180,-0.902188537,3
1181,-0.872277269,3
1182,-0.8480248890000001,3
1183,-0.83023981,3
1184,-0.7849687009999999,3
1185,-0.655622674,3
1186,-0.74212283,3
1187,-0.709786323,3
1188,-0.6782582290000001,3
1189,-0.6596647379999999,3
1190,-0.606309502,3
1191,-0.5763982329999999,3
1192,-0.552145853,3
1193,-0.650772198,3
1194,-0.607926327,3
1195,-0.598225375,3
1196,-0.458369984,3
1197,-0.559421567,3
1198,-0.406631573,3
1199,-0.515767283,3
1200,2.841570522,3
1201,2.610364495,3
1202,2.380775302,3
1203,2.413920222,3
1204,2.42847165,3
1205,2.198074035,3
1206,2.215050701,3
1207,2.375924824,3
1208,2.024265312,3
1209,2.046092459,3
1210,2.173013245,3
1211,2.06468595,3
1212,2.088129917,3
1213,2.119658011,3
1214,1.88117627,3
1215,1.907853888,3
1216,2.055793409,3
1217,1.933723094,3
1218,1.95069976,3
1219,1.977377377,3
1220,1.987886742,3
1221,1.992737218,3
1222,2.021840074,3
1223,2.157653404,3
1224,1.931297858,3
1225,1.7106012,3
1226,1.949891349,3
1227,1.842372467,3
1228,1.860157546,3
1229,1.87955945,3
1230,1.645928185,3
1231,1.790634054,3
1232,1.668563739,3
1233,1.690390881,3
1234,1.6984750080000002,3
1235,1.708984372,3
1236,1.468077398,3
1237,1.350857564,3
1238,1.478586767,3
1239,1.366217405,3
1240,1.501222317,3
1241,1.523857877,3
1242,1.524666289,3
1243,1.525474702,3
1244,1.536792479,3
1245,1.543259781,3
1246,1.5513439080000002,3
1247,1.4430166080000002,3
1248,1.438166132,3
1249,1.323371531,3
1250,1.193217094,3
1251,1.218277887,3
1252,1.223936775,3
1253,1.10024964,3
1254,1.105100116,3
1255,1.367834227,3
1256,1.374301529,3
1257,1.370259466,3
1258,1.242530267,3
1259,1.140670268,3
1260,1.13662821,3
1261,1.130160909,3
1262,1.384002481,3
1263,1.371876291,3
1264,1.126927253,3
1265,1.127735671,3
1266,0.88036139,3
1267,0.865809967,3
1268,0.727571399,3
1269,0.711403146,3
1270,1.069529959,3
1271,0.8148799640000001,3
1272,0.8383239309999999,3
1273,0.8229640909999999,3
1274,1.075188848,3
1275,1.050936463,3
1276,1.293460262,3
1277,1.4001707369999998,3
1278,1.402595975,3
1279,1.267591057,3
1280,1.6176337440000002,3
1281,1.372684706,3
1282,1.473736287,3
1283,1.471311049,3
1284,1.692007707,3
1285,1.548918667,3
1286,1.904620243,3
1287,2.005671823,3
1288,1.725961041,3
1289,1.814886436,3
1290,2.024265312,3
1291,2.109148644,3
1292,1.973335314,3
1293,1.919980078,3
1294,2.240111496,3
1295,2.075195315,3
1296,2.377541649,3
1297,2.455149268,3
1298,2.30801816,3
1299,2.003246585,3
1300,1.949891349,3
1301,2.229602134,3
1302,2.036391504,3
1303,1.956358651,3
1304,1.99192881,3
1305,2.143910387,3
1306,2.056601819,3
1307,1.9660596,3
1308,2.22313483,3
1309,2.118041184,3
1310,2.341163077,3
1311,2.561051325,3
1312,2.534373709,3
1313,2.425237999,3
1314,2.713032905,3
1315,2.791448937,3
1316,2.392093077,3
1317,2.721117035,3
1318,3.065500828,3
1319,2.900584642,3
1320,2.982234323,3
1321,3.155234634,3
1322,3.117239238,3
1323,3.391291134,3
1324,3.566716678,3
1325,3.2376927280000003,3
1326,3.3872490660000003,3
1327,3.286197483,3
1328,3.666151436,3
1329,3.371080816,3
1330,3.41796875,3
1331,3.732441277,3
1332,3.745375882,3
1333,3.694445882,3
1334,3.3840154210000004,3
1335,3.085711144,3
1336,2.823785441,3
1337,2.082471026,3
1338,1.418764228,3
1339,0.975754085,3
1340,0.17219189999999998,3
1341,-0.704127432,3
1342,-0.021827142,3
1343,2.521439107,3
1344,4.438185536000001,3
1345,5.689608337999999,3
1346,6.295917842000001,3
1347,6.671829731,3
1348,6.301576731,3
1349,6.8189608339999985,3
1350,7.449522711,3
1351,8.258743793999999,3
1352,9.304829782999999,3
1353,9.211862327,3
1354,9.280577401,3
1355,9.54411993,3
1356,10.19165847,3
1357,10.38810275,3
1358,10.49481322,3
1359,9.292703588,3
1360,9.66942389,3
1361,10.03159277,3
1362,8.245809189,3
1363,6.456791957,3
1364,7.087353839,3
1365,5.57643057,3
1366,4.8003544080000005,3
1367,4.569148386,3
1368,4.339559189,3
1369,3.762352545,3
1370,3.877147144,3
1371,4.00406793,3
1372,3.932119208,3
1373,3.754268419,3
1374,3.771245087,3
1375,3.550548427,3
1376,3.316108752,3
1377,3.175444953,3
1378,3.043673683,3
1379,2.77204703,3
1380,2.0202232490000003,3
1381,1.758297548,3
1382,0.8811698059999999,3
1383,0.391271728,3
1384,0.586907595,3
1385,0.637029181,3
1386,0.84398282,3
1387,0.688767593,3
1388,0.93775869,3
1389,1.268399472,3
1390,1.32822201,3
1391,1.354091215,3
1392,1.027492495,3
1393,0.7154452090000001,3
1394,0.621669337,3
1395,0.4519026820000001,3
1396,0.50283268,3
1397,0.553762678,3
1398,0.58448236,3
1399,0.86500155,3
1400,0.890062347,3
1401,1.0420439259999998,3
1402,1.308820106,3
1403,1.46565216,3
1404,1.503647556,3
1405,1.784975168,3
1406,1.682306757,3
1407,1.827821039,3
1408,1.865008022,3
1409,1.7744658009999998,3
1410,1.8003350059999998,3
1411,1.966059605,3
1412,2.01294754,3
1413,2.035583094,3
1414,2.20777499,3
1415,2.245770385,3
1416,2.26840594,3
1417,2.179480549,3
1418,2.328228477,3
1419,2.363798634,3
1420,2.393709903,3
1421,2.301550861,3
1422,2.325803241,3
1423,2.46565863,3
1424,2.2667891140000003,3
1425,2.396135143,3
1426,2.55377561,3
1427,2.341971492,3
1428,2.251429276,3
1429,2.392093077,3
1430,2.567518628,3
1431,2.597429897,3
1432,2.499611962,3
1433,2.400985614,3
1434,2.5659018,3
1435,2.4535324380000003,3
1436,2.471317516,3
1437,2.370265935,3
1438,2.523055927,3
1439,2.535990529,3
1440,-0.332257608,4
1441,-0.441393315,4
1442,-0.060630948,4
1443,-0.149556348,4
1444,-0.13500492,4
1445,-0.121261905,4
1446,0.017785081,4
1447,-0.06548143099999999,4
1448,-0.17300031300000002,4
1449,-0.151173171,4
1450,-0.268393005,4
1451,-0.13257968,4
1452,-0.109135713,4
1453,-0.077607619,4
1454,-0.07194873,4
1455,-0.045271112,4
1456,-0.385612846,4
1457,-0.14147221599999998,4
1458,-0.00242524,4
1459,0.024252377,4
1460,-0.087308568,4
1461,0.039612218,4
1462,0.068715074,4
1463,0.082458089,4
1464,-0.021827142,4
1465,0.123687135,4
1466,0.118836659,4
1467,0.011317777,4
1468,0.029102856,4
1469,-0.07356555,4
1470,-0.063056185,4
1471,0.081649679,4
1472,-0.040420631,4
1473,-0.262734119,4
1474,-0.254649992,4
1475,-0.122070318,4
1476,-0.240906977,4
1477,-0.358126811,4
1478,-0.230397613,4
1479,-0.34276697,4
1480,-0.207762058,4
1481,-0.185126503,4
1482,-0.184318091,4
1483,-0.183509678,4
1484,-0.294262211,4
1485,-0.287794909,4
1486,-0.401781092,4
1487,-0.388038077,4
1488,-0.148747933,4
1489,-0.141472219,4
1490,-0.149556346,4
1491,-0.124495553,4
1492,-0.118836665,4
1493,-0.12045349,4
1494,-0.115603014,4
1495,-0.341150143,4
1496,-0.578823471,4
1497,-0.582865534,4
1498,-0.466454113,4
1499,-0.5683141070000001,4
1500,-0.45028586,4
1501,-0.456753161,4
1502,-0.569122519,4
1503,-0.581248709,4
1504,-0.582057122,4
1505,-0.459178399,4
1506,-0.34034173,4
1507,-0.354893158,4
1508,-0.371061411,4
1509,-0.509299984,4
1510,-0.639454421,4
1511,-0.405823156,4
1512,-0.504449509,4
1513,-0.519809349,4
1514,-0.389654902,4
1515,-0.658047912,4
1516,-0.537594428,4
1517,-0.5529542679999999,4
1518,-0.55052903,4
1519,-0.441393313,4
1520,-0.457561566,4
1521,-0.336299669,4
1522,-0.479388708,4
1523,-0.35974363600000003,4
1524,-0.26111729300000003,4
1525,-0.160065713,4
1526,-0.048504757,4
1527,-0.435734427,4
1528,-0.227163964,4
1529,-0.016168254,4
1530,-0.17300030800000002,4
1531,-0.088116981,4
1532,0.020210314,4
1533,-0.15521523199999998,4
1534,-0.079224444,4
1535,-0.122070315,4
1536,0.05820571400000001,4
1537,0.013743018,4
1538,-0.011317775,4
1539,0.294262205,4
1540,0.118836659,4
1541,0.154406814,4
1542,0.327407129,4
1543,0.369444586,4
1544,0.40501474,4
1545,0.4349260170000001,4
1546,0.5917580689999999,4
1547,0.50121585,4
1548,0.51415045,4
1549,0.531127124,4
1550,0.632178702,4
1551,0.72999664,4
1552,0.703319019,4
1553,0.960394249,4
1554,0.7599079000000001,4
1555,0.960394247,4
1556,1.293460267,4
1557,1.256273285,4
1558,1.234446143,4
1559,1.069529952,4
1560,1.395320258,4
1561,1.3241799440000002,4
1562,1.286184548,4
1563,1.194025504,4
1564,1.369451058,4
1565,1.528708348,4
1566,1.434124066,4
1567,1.455142793,4
1568,1.590956126,4
1569,1.540026126,4
1570,1.464843745,4
1571,1.535175652,4
1572,1.548110252,4
1573,1.497180252,4
1574,1.675031041,4
1575,1.865008019,4
1576,1.481012006,4
1577,0.7396975859999999,4
1578,0.198061103,4
1579,-0.733230285,4
1580,-1.292651855,4
1581,-1.802760247,4
1582,-1.7308115169999998,4
1583,-0.042037463,4
1584,4.316115216,4
1585,7.642733337999999,4
1586,9.835956902000001,4
1587,10.45600941,4
1588,10.81817829,4
1589,10.72521083,4
1590,6.2288195910000015,4
1591,9.113235979,4
1592,10.40346259,4
1593,7.136667007000001,4
1594,7.4495227160000015,4
1595,9.17790899,4
1596,10.31372878,4
1597,9.045329312,4
1598,9.518250727,4
1599,9.292703588,4
1600,10.15770514,4
1601,10.3978037,4
1602,7.269246684,4
1603,6.9450732120000005,4
1604,5.622510089,4
1605,4.721938375,4
1606,5.654846598,4
1607,6.278132761,4
1608,6.780965439,4
1609,5.471336915,4
1610,4.609569018999999,4
1611,4.12613824,4
1612,3.687978578,4
1613,3.632198109,4
1614,3.038823207,4
1615,2.696056237,4
1616,2.339546252,4
1617,2.565093383,4
1618,2.555392433,4
1619,2.283765775,4
1620,1.776082624,4
1621,0.293453798,4
1622,-2.4147286340000003,4
1623,-3.759118897,4
1624,-4.173834595,4
1625,-0.095392699,4
1626,-3.06226718,4
1627,-6.879591787000001,4
1628,-2.96849131,4
1629,8.470547912,4
1630,7.0655267,4
1631,8.067958405,4
1632,8.351711245,4
1633,6.8189608339999985,4
1634,6.847255277,4
1635,2.038816742,4
1636,-0.35165951,4
1637,-1.643502952,4
1638,-1.97899421,4
1639,-2.30882657,4
1640,-2.405836098,4
1641,-2.497995139,4
1642,-2.475359584,4
1643,-2.31852753,4
1644,-2.280532134,4
1645,-2.121274832,4
1646,-2.2239432480000003,4
1647,-2.078428961,4
1648,-2.041241978,4
1649,-2.131784204,4
1650,-1.983844679,4
1651,-1.940190395,4
1652,-1.89330246,4
1653,-1.870666906,4
1654,-1.94261564,4
1655,-1.782549925,4
1656,-1.75991437,4
1657,-1.604699141,4
1658,-1.700091833,4
1659,-1.664521676,4
1660,-1.6346104069999998,4
1661,-1.604699139,4
1662,-1.580446759,4
1663,-1.56266168,4
1664,-1.517390571,4
1665,-1.5101148569999998,4
1666,-1.4745447,4
1667,-1.320137883,4
1668,-1.288609789,4
1669,-1.270016298,4
1670,-1.216661062,4
1671,-1.308820103,4
1672,-1.528708353,4
1673,-1.261123756,4
1674,-1.218277885,4
1675,-1.208576932,4
1676,-1.190791854,4
1677,-1.291843445,4
1678,-1.139053443,4
1679,-1.370259471,4
1680,-0.332257608,4
1681,-0.441393315,4
1682,-0.060630948,4
1683,-0.149556348,4
1684,-0.13500492,4
1685,-0.121261905,4
1686,0.017785081,4
1687,-0.06548143099999999,4
1688,-0.17300031300000002,4
1689,-0.151173171,4
1690,-0.268393005,4
1691,-0.13257968,4
1692,-0.109135713,4
1693,-0.077607619,4
1694,-0.07194873,4
1695,-0.045271112,4
1696,-0.385612846,4
1697,-0.14147221599999998,4
1698,-0.00242524,4
1699,0.024252377,4
1700,-0.087308568,4
1701,0.039612218,4
1702,0.068715074,4
1703,0.082458089,4
1704,-0.021827142,4
1705,0.123687135,4
1706,0.118836659,4
1707,0.011317777,4
1708,0.029102856,4
1709,-0.07356555,4
1710,-0.063056185,4
1711,0.081649679,4
1712,-0.040420631,4
1713,-0.262734119,4
1714,-0.254649992,4
1715,-0.122070318,4
1716,-0.240906977,4
1717,-0.358126811,4
1718,-0.230397613,4
1719,-0.34276697,4
1720,-0.207762058,4
1721,-0.185126503,4
1722,-0.184318091,4
1723,-0.183509678,4
1724,-0.294262211,4
1725,-0.287794909,4
1726,-0.401781092,4
1727,-0.388038077,4
1728,-0.148747933,4
1729,-0.141472219,4
1730,-0.149556346,4
1731,-0.124495553,4
1732,-0.118836665,4
1733,-0.12045349,4
1734,-0.115603014,4
1735,-0.341150143,4
1736,-0.578823471,4
1737,-0.582865534,4
1738,-0.466454113,4
1739,-0.5683141070000001,4
1740,-0.45028586,4
1741,-0.456753161,4
1742,-0.569122519,4
1743,-0.581248709,4
1744,-0.582057122,4
1745,-0.459178399,4
1746,-0.34034173,4
1747,-0.354893158,4
1748,-0.371061411,4
1749,-0.509299984,4
1750,-0.639454421,4
1751,-0.405823156,4
1752,-0.504449509,4
1753,-0.519809349,4
1754,-0.389654902,4
1755,-0.658047912,4
1756,-0.537594428,4
1757,-0.5529542679999999,4
1758,-0.55052903,4
1759,-0.441393313,4
1760,-0.457561566,4
1761,-0.336299669,4
1762,-0.479388708,4
1763,-0.35974363600000003,4
1764,-0.26111729300000003,4
1765,-0.160065713,4
1766,-0.048504757,4
1767,-0.435734427,4
1768,-0.227163964,4
1769,-0.016168254,4
1770,-0.17300030800000002,4
1771,-0.088116981,4
1772,0.020210314,4
1773,-0.15521523199999998,4
1774,-0.079224444,4
1775,-0.122070315,4
1776,0.05820571400000001,4
1777,0.013743018,4
1778,-0.011317775,4
1779,0.294262205,4
1780,0.118836659,4
1781,0.154406814,4
1782,0.327407129,4
1783,0.369444586,4
1784,0.40501474,4
1785,0.4349260170000001,4
1786,0.5917580689999999,4
1787,0.50121585,4
1788,0.51415045,4
1789,0.531127124,4
1790,0.632178702,4
1791,0.72999664,4
1792,0.703319019,4
1793,0.960394249,4
1794,0.7599079000000001,4
1795,0.960394247,4
1796,1.293460267,4
1797,1.256273285,4
1798,1.234446143,4
1799,1.069529952,4
1800,1.395320258,4
1801,1.3241799440000002,4
1802,1.286184548,4
1803,1.194025504,4
1804,1.369451058,4
1805,1.528708348,4
1806,1.434124066,4
1807,1.455142793,4
1808,1.590956126,4
1809,1.540026126,4
1810,1.464843745,4
1811,1.535175652,4
1812,1.548110252,4
1813,1.497180252,4
1814,1.675031041,4
1815,1.865008019,4
1816,1.481012006,4
1817,0.7396975859999999,4
1818,0.198061103,4
1819,-0.733230285,4
1820,-1.292651855,4
1821,-1.802760247,4
1822,-1.7308115169999998,4
1823,-0.042037463,4
1824,4.316115216,4
1825,7.642733337999999,4
1826,9.835956902000001,4
1827,10.45600941,4
1828,10.81817829,4
1829,10.72521083,4
1830,6.2288195910000015,4
1831,9.113235979,4
1832,10.40346259,4
1833,7.136667007000001,4
1834,7.4495227160000015,4
1835,9.17790899,4
1836,10.31372878,4
1837,9.045329312,4
1838,9.518250727,4
1839,9.292703588,4
1840,10.15770514,4
1841,10.3978037,4
1842,7.269246684,4
1843,6.9450732120000005,4
1844,5.622510089,4
1845,4.721938375,4
1846,5.654846598,4
1847,6.278132761,4
1848,6.780965439,4
1849,5.471336915,4
1850,4.609569018999999,4
1851,4.12613824,4
1852,3.687978578,4
1853,3.632198109,4
1854,3.038823207,4
1855,2.696056237,4
1856,2.339546252,4
1857,2.565093383,4
1858,2.555392433,4
1859,2.283765775,4
1860,1.776082624,4
1861,0.293453798,4
1862,-2.4147286340000003,4
1863,-3.759118897,4
1864,-4.173834595,4
1865,-0.095392699,4
1866,-3.06226718,4
1867,-6.879591787000001,4
1868,-2.96849131,4
1869,8.470547912,4
1870,7.0655267,4
1871,8.067958405,4
1872,8.351711245,4
1873,6.8189608339999985,4
1874,6.847255277,4
1875,2.038816742,4
1876,-0.35165951,4
1877,-1.643502952,4
1878,-1.97899421,4
1879,-2.30882657,4
1880,-2.405836098,4
1881,-2.497995139,4
1882,-2.475359584,4
1883,-2.31852753,4
1884,-2.280532134,4
1885,-2.121274832,4
1886,-2.2239432480000003,4
1887,-2.078428961,4
1888,-2.041241978,4
1889,-2.131784204,4
1890,-1.983844679,4
1891,-1.940190395,4
1892,-1.89330246,4
1893,-1.870666906,4
1894,-1.94261564,4
1895,-1.782549925,4
1896,-1.75991437,4
1897,-1.604699141,4
1898,-1.700091833,4
1899,-1.664521676,4
1900,-1.6346104069999998,4
1901,-1.604699139,4
1902,-1.580446759,4
1903,-1.56266168,4
1904,-1.517390571,4
1905,-1.5101148569999998,4
1906,-1.4745447,4
1907,-1.320137883,4
1908,-1.288609789,4
1909,-1.270016298,4
1910,-1.216661062,4
1911,-1.308820103,4
1912,-1.528708353,4
1913,-1.261123756,4
1914,-1.218277885,4
1915,-1.208576932,4
1916,-1.190791854,4
1917,-1.291843445,4
1918,-1.139053443,4
1919,-1.370259471,4
1920,-1.064679483,5
1921,-1.05174488,5
1922,-1.037193453,5
1923,-0.8819782209999999,5
1924,-0.8674267929999999,5
1925,-0.97575409,5
1926,-0.958777424,5
1927,-0.7979033040000001,5
1928,-0.7833518759999999,5
1929,-0.639454421,5
1930,-0.634603945,5
1931,-0.62086093,5
1932,-0.719487275,5
1933,-0.687959181,5
1934,-0.682300292,5
1935,-0.533552362,5
1936,-0.7518237809999999,5
1937,-0.507683156,5
1938,-0.6127768029999999,5
1939,-0.708169498,5
1940,-0.575589821,5
1941,-0.570739344,5
1942,-0.5416364889999999,5
1943,-0.527893473,5
1944,-0.510108395,5
1945,-0.60873474,5
1946,-0.613585216,5
1947,-0.599033788,5
1948,-0.825389334,5
1949,-0.80598743,5
1950,-0.795478065,5
1951,-0.894912823,5
1952,-0.894912823,5
1953,-0.7510153690000001,5
1954,-0.62086093,5
1955,-0.85449219,5
1956,-0.7291882270000001,5
1957,-0.602267439,5
1958,-0.59660855,5
1959,-0.70897791,5
1960,-0.6960433079999999,5
1961,-0.673407753,5
1962,-0.672599341,5
1963,-0.671790928,5
1964,-0.660473151,5
1965,-0.5319355370000001,5
1966,-0.645921722,5
1967,-0.632178707,5
1968,-0.637029183,5
1969,-0.629753469,5
1970,-0.637837596,5
1971,-0.734847116,5
1972,-0.7291882270000001,5
1973,-0.730805052,5
1974,-0.481813951,5
1975,-0.585290773,5
1976,-0.700893784,5
1977,-0.582865534,5
1978,-0.588524423,5
1979,-0.690384419,5
1980,-0.816496795,5
1981,-0.822964096,5
1982,-0.691192831,5
1983,-0.581248709,5
1984,-0.7041274340000001,5
1985,-0.581248709,5
1986,-0.58448236,5
1987,-0.599033788,5
1988,-0.615202041,5
1989,-0.631370294,5
1990,-0.639454421,5
1991,-0.649963786,5
1992,-0.626519819,5
1993,-0.397739034,5
1994,-0.51172522,5
1995,-0.5359775999999999,5
1996,-0.537594425,5
1997,-0.430883953,5
1998,-0.5505290279999999,5
1999,-0.441393318,5
2000,-0.457561571,5
2001,-0.458369984,5
2002,-0.601459026,5
2003,-0.481813951,5
2004,-0.383187606,5
2005,-0.282136023,5
2006,-0.292645387,5
2007,-0.191593804,5
2008,-0.227163962,5
2009,-0.260308881,5
2010,-0.417140938,5
2011,-0.332257608,5
2012,-0.101859999,5
2013,-0.155215235,5
2014,-0.201294757,5
2015,-0.122070315,5
2016,-0.430075541,5
2017,-0.352467925,5
2018,-0.01131778,5
2019,0.050121583,5
2020,-0.369444591,5
2021,0.032336504,5
2022,-0.038803811,5
2023,0.125303961,5
2024,0.160874118,5
2025,0.190785387,5
2026,-0.018593494,5
2027,0.257075225,5
2028,0.270009828,5
2029,0.286986494,5
2030,0.51010839,5
2031,0.363785697,5
2032,0.7033190159999999,5
2033,0.7162536190000001,5
2034,0.881978215,5
2035,0.838323932,5
2036,0.8051790120000001,5
2037,0.76799203,5
2038,1.112375825,5
2039,0.581248704,5
2040,1.029109321,5
2041,1.0800393190000002,5
2042,1.042043923,5
2043,1.194025504,5
2044,1.369451053,5
2045,1.528708348,5
2046,1.434124066,5
2047,0.966861546,5
2048,1.224745186,5
2049,1.173815188,5
2050,1.342773435,5
2051,1.291035024,5
2052,1.181899315,5
2053,1.253039629,5
2054,1.308820103,5
2055,1.254656454,5
2056,0.992730751,5
2057,0.495556961,5
2058,-0.168149837,5
2059,-0.855300603,5
2060,-1.53679248,5
2061,-2.413111809,5
2062,-2.219092769,5
2063,-0.286178086,5
2064,3.827833969,5
2065,7.76480365,5
2066,8.126972524,5
2067,9.845657851,5
2068,10.69610798,5
2069,11.57970302,5
2070,11.84405396,5
2071,11.79878285,5
2072,11.38002509,5
2073,6.160104509,5
2074,1.223936773,5
2075,-0.58771601,5
2076,-1.64916184,5
2077,-2.30720975,5
2078,-3.299132091,5
2079,-5.599874537000001,5
2080,-5.46729486,5
2081,-5.715477548,5
2082,-7.012979876,5
2083,-6.970942418,5
2084,-6.706591476,5
2085,-6.38646006,5
2086,-5.819762782000001,5
2087,-5.562687554,5
2088,-5.426065813999998,5
2089,-5.026709957,5
2090,-4.545704421,5
2091,-4.29671332,5
2092,-4.00245111,5
2093,-3.692020646,5
2094,-3.552973668,5
2095,-3.285389075,5
2096,-3.397758436,5
2097,-3.294281615,5
2098,-3.181912254,5
2099,-2.96525766,5
2100,-2.984659564,5
2101,-3.124514955,5
2102,-2.903009884,5
2103,-2.660486085,5
2104,-2.586920532,5
2105,-2.536798947,5
2106,-2.451915617,5
2107,-2.240919912,5
2108,-2.358139748,5
2109,-2.63785053,5
2110,-2.333887368,5
2111,-2.430088475,5
2112,-2.390476255,5
2113,-2.336312606,5
2114,-2.3080181630000003,5
2115,-2.233644198,5
2116,-1.938573575,5
2117,-1.887643577,5
2118,-1.978994208,5
2119,-1.942615638,5
2120,-1.7954845330000002,5
2121,-2.131784202,5
2122,-1.865008022,5
2123,-1.830246277,5
2124,-2.036391507,5
2125,-1.999204524,5
2126,-1.857732308,5
2127,-2.078428966,5
2128,-1.797101358,5
2129,-2.009713889,5
2130,-1.861774371,5
2131,-1.9401904,5
2132,-1.771232153,5
2133,-1.7485965980000002,5
2134,-1.698475013,5
2135,-1.538409305,5
2136,-1.6378440630000002,5
2137,-1.604699144,5
2138,-1.700091838,5
2139,-1.542451368,5
2140,-1.6346104119999998,5
2141,-1.726769456,5
2142,-1.5804467640000002,5
2143,-1.4405913730000002,5
2144,-1.639460888,5
2145,-1.5101148619999998,5
2146,-1.596615017,5
2147,-1.442208198,5
2148,-1.654820729,5
2149,-1.75829755,5
2150,-1.5828720019999998,5
2151,-1.552960733,5
2152,-1.40663804,5
2153,-1.383194073,5
2154,-1.462418515,5
2155,-1.33064725,5
2156,-1.190791859,5
2157,-1.291843442,5
2158,-1.383194073,5
2159,-1.248189158,5
2160,-1.186749795,5
2161,-1.173815193,5
2162,-1.037193453,5
2163,-1.004048533,5
2164,-0.989497105,5
2165,-0.853683778,5
2166,-0.958777424,5
2167,-1.042043929,5
2168,-0.905422188,5
2169,-1.005665359,5
2170,-1.000814883,5
2171,-1.10914218,5
2172,-0.9636279,5
2173,-0.932099806,5
2174,-0.926440917,5
2175,-1.021833612,5
2176,-0.995964406,5
2177,-0.995964406,5
2178,-0.97898774,5
2179,-1.196450748,5
2180,-0.941800758,5
2181,-0.936950282,5
2182,-0.907847426,5
2183,-0.8941044109999999,5
2184,-0.998389645,5
2185,-0.852875365,5
2186,-0.8577258409999999,5
2187,-0.843174413,5
2188,-0.947459646,5
2189,-0.928057743,5
2190,-1.03961869,5
2191,-0.7728425109999999,5
2192,-0.894912823,5
2193,-0.873085681,5
2194,-0.865001555,5
2195,-0.85449219,5
2196,-0.973328852,5
2197,-0.968478376,5
2198,-0.840749175,5
2199,-0.70897791,5
2200,-0.6960433079999999,5
2201,-0.7954780659999999,5
2202,-0.672599341,5
2203,-0.79386124,5
2204,-0.660473151,5
2205,-0.654005849,5
2206,-0.645921722,5
2207,-0.7542490190000001,5
2208,-0.7590994959999999,5
2209,-0.629753469,5
2210,-0.637837596,5
2211,-0.6127768029999999,5
2212,-0.607117915,5
2213,-0.60873474,5
2214,-0.7259545759999999,5
2215,-0.707361085,5
2216,-0.578823471,5
2217,-0.582865534,5
2218,-0.7105947359999999,5
2219,-0.8124547320000001,5
2220,-0.694426482,5
2221,-0.700893784,5
2222,-0.569122519,5
2223,-0.7033190220000001,5
2224,-0.826197747,5
2225,-0.825389334,5
2226,-0.706552672,5
2227,-0.7211041,5
2228,-0.615202041,5
2229,-0.631370294,5
2230,-0.639454421,5
2231,-0.649963786,5
2232,-0.8706604440000001,5
2233,-0.641879659,5
2234,-0.633795532,5
2235,-0.5359775999999999,5
2236,-0.6596647379999999,5
2237,-0.6750245779999999,5
2238,-0.67259934,5
2239,-0.6855339429999999,5
2240,-0.579631884,5
2241,-0.580440296,5
2242,-0.601459026,5
2243,-0.7259545759999999,5
2244,-0.749398543,5
2245,-0.770417273,5
2246,-0.780926637,5
2247,-0.8019453670000001,5
2248,-0.715445212,5
2249,-0.7485901309999999,5
2250,-0.661281563,5
2251,-0.454327921,5
2252,-0.590141249,5
2253,-0.7655667970000001,5
2254,-0.567505694,5
2255,-0.610351565,5
2256,-0.430075541,5
2257,-0.352467925,5
2258,-0.255458405,5
2259,-0.438159667,5
2260,-0.247374278,5
2261,-0.455944746,5
2262,-0.527085061,5
2263,-0.362977289,5
2264,-0.20533682,5
2265,-0.297495863,5
2266,-0.262734119,5
2267,-0.597416962,5
2268,-0.340341735,5
2269,-0.32336506800000003,5
2270,-0.100243173,5
2271,-0.246565865,5
2272,-0.151173171,5
2273,-0.016168256000000002,5
2274,0.14955634,5
2275,0.35004268200000005,5
2276,0.6831086999999999,5
2277,0.76799203,5
2278,0.624094575,5
2279,0.581248704,5
2280,0.418757758,5
2281,0.5917580689999999,5
2282,0.5537626729999999,5
2283,0.583673942,5
2284,0.514958866,5
2285,0.552145848,5
2286,0.579631879,5
2287,0.6006506079999999,5
2288,0.8585342490000001,5
2289,0.563463626,5
2290,0.732421873,5
2291,0.436542837,5
2292,0.693618065,5
2293,0.520617754,5
2294,0.454327916,5
2295,0.278093954,5
2296,0.382379188,5
2297,-0.603075851,5
2298,-1.144712337,5
2299,-1.831863103,5
2300,-2.02507373,5
2301,-2.901393059,5
2302,-2.951514644,5
2303,-0.896529648,5
2304,2.729201156,5
2305,6.544100525,5
2306,9.591816274,5
2307,9.723587539,5
2308,11.55060016,5
2309,11.57970302,5
2310,11.84405396,5
2311,11.92085316,5
2312,11.86830634,5
2313,11.77533888,5
2314,11.47784302,5
2315,10.2765418,5
2316,10.67993972,5
2317,10.51017306,5
2318,10.00653197,5
2319,9.658914526,5
2320,10.7680567,5
2321,10.27573339,5
2322,10.07686387,5
2323,9.142338832,5
2324,8.430127274,5
2325,7.651625877000001,5
2326,7.730041906,5
2327,7.742976508,5
2328,8.123738873999999,5
2329,5.959618168,5
2330,4.975779954,5
2331,4.370278868,5
2332,3.565908265,5
2333,3.143916854,5
2334,2.916752895,5
2335,2.696056237,5
2336,2.583686877,5
2337,2.443023073,5
2338,2.311251808,5
2339,2.40583609,5
2340,2.386434186,5
2341,2.49071942,5
2342,2.468083866,5
2343,2.222326415,5
2344,2.173821655,5
2345,1.735661991,5
2346,0.721912508,5
2347,0.322556651,5
2348,0.205336815,5
2349,0.169766657,5
2350,-0.01455143,5
2351,-0.110752538,5
2352,-0.315280942,5
2353,-0.383187606,5
2354,-0.354893163,5
2355,-0.524659823,5
2356,-0.351659512,5
2357,-0.544870139,5
2358,-0.880361395,5
2359,-1.332264075,5
2360,-1.307203283,5
2361,-1.521432639,5
2362,-1.6208673969999998,5
2363,-1.46403534,5
2364,-1.5481102569999998,5
2365,-1.755063899,5
2366,-2.101872933,5
2367,-2.078428966,5
2368,-2.163312296,5
2369,-2.253854514,5
2370,-1.861774371,5
2371,-1.9401904,5
2372,-2.13744309,5
2373,-1.870666911,5
2374,-1.942615638,5
2375,-1.904620243,5
2376,-1.881984688,5
2377,-1.726769456,5
2378,-1.700091838,5
2379,-1.664521681,5
2380,-1.5125401000000005,5
2381,-1.360558519,5
2382,-1.3363061390000002,5
2383,-1.196450748,5
2384,-1.151179638,5
2385,-1.143903924,5
2386,-1.108333767,5
2387,-1.320137886,5
2388,-1.166539479,5
2389,-1.392086613,5
2390,-1.338731377,5
2391,-1.186749795,5
2392,-1.162497415,5
2393,-1.261123761,5
2394,-1.21827789,5
2395,-0.964436312,5
2396,-0.946651234,5
2397,-0.803562192,5
2398,-1.139053448,5
2399,-1.126118846,5
2400,-1.186749795,6
2401,-1.05174488,6
2402,-1.281334078,6
2403,-1.248189158,6
2404,-1.23363773,6
2405,-1.219894715,6
2406,-1.447058674,6
2407,-1.164114241,6
2408,-1.271633126,6
2409,-1.127735671,6
2410,-1.122885195,6
2411,-1.231212492,6
2412,-1.207768525,6
2413,-1.176240431,6
2414,-1.04851123,6
2415,-1.265974237,6
2416,-1.240105031,6
2417,-1.118034719,6
2418,-1.101058053,6
2419,-0.952310123,6
2420,-1.063871071,6
2421,-1.181090907,6
2422,-1.151988051,6
2423,-1.016174723,6
2424,-0.998389645,6
2425,-1.219086302,6
2426,-1.101866466,6
2427,-0.843174413,6
2428,-1.069529959,6
2429,-1.050128055,6
2430,-1.03961869,6
2431,-1.139053448,6
2432,-1.139053448,6
2433,-1.1172263059999998,6
2434,-0.865001555,6
2435,-0.976562503,6
2436,-0.973328852,6
2437,-0.968478376,6
2438,-0.962819488,6
2439,-0.953118535,6
2440,-0.81811362,6
2441,-0.917548378,6
2442,-0.916739966,6
2443,-0.79386124,6
2444,-0.660473151,6
2445,-0.898146474,6
2446,-0.767992035,6
2447,-0.876319332,6
2448,-0.881169808,6
2449,-0.8738940940000001,6
2450,-0.8819782209999999,6
2451,-0.734847116,6
2452,-0.85125854,6
2453,-0.60873474,6
2454,-0.603884264,6
2455,-0.829431398,6
2456,-0.700893784,6
2457,-0.8270061590000001,6
2458,-0.7105947359999999,6
2459,-0.690384419,6
2460,-0.694426482,6
2461,-0.822964096,6
2462,-0.691192831,6
2463,-0.7033190220000001,6
2464,-0.582057122,6
2465,-0.947459647,6
2466,-0.706552672,6
2467,-0.599033788,6
2468,-0.615202041,6
2469,-0.753440607,6
2470,-0.7615247340000001,6
2471,-0.649963786,6
2472,-0.626519819,6
2473,-0.641879659,6
2474,-0.633795532,6
2475,-0.780118225,6
2476,-0.6596647379999999,6
2477,-0.6750245779999999,6
2478,-0.67259934,6
2479,-0.441393318,6
2480,-0.457561571,6
2481,-0.580440296,6
2482,-0.479388713,6
2483,-0.481813951,6
2484,-0.505257918,6
2485,-0.64834696,6
2486,-0.292645387,6
2487,-0.313664117,6
2488,-0.349234274,6
2489,-0.382379194,6
2490,-0.295070626,6
2491,-0.210187296,6
2492,-0.223930311,6
2493,-0.155215235,6
2494,-0.079224444,6
2495,0.12207031,6
2496,0.058205709,6
2497,0.135813325,6
2498,0.232822845,6
2499,0.294262208,6
2500,0.362977284,6
2501,0.520617754,6
2502,0.449477439,6
2503,0.491514898,6
2504,0.527085055,6
2505,0.679066637,6
2506,0.5917580689999999,6
2507,0.745356475,6
2508,0.88036139,6
2509,0.653197432,6
2510,0.754249015,6
2511,0.729996635,6
2512,0.947459641,6
2513,1.082464556,6
2514,1.12611884,6
2515,1.082464557,6
2516,1.049319637,6
2517,1.25627328,6
2518,0.8682351999999999,6
2519,1.069529954,6
2520,1.151179633,6
2521,1.202109631,6
2522,1.408254861,6
2523,1.316095817,6
2524,1.613591678,6
2525,1.406638036,6
2526,1.556194379,6
2527,1.4551427959999998,6
2528,1.468885811,6
2529,1.051744876,6
2530,1.09863281,6
2531,0.924824087,6
2532,1.303969627,6
2533,1.253039629,6
2534,1.186749791,6
2535,1.132586142,6
2536,1.114801063,6
2537,0.251416336,6
2538,-0.9005717120000001,6
2539,-1.831863103,6
2540,-2.02507373,6
2541,-2.413111809,6
2542,-2.951514644,6
2543,-1.384810898,6
2544,2.6071308440000003,6
2545,5.201327088,6
2546,0.924824087,6
2547,-0.042037461,6
2548,3.860170476,6
2549,6.330679582,6
2550,9.036436773,6
2551,4.962845351,6
2552,5.764790716,6
2553,3.596627947,6
2554,7.449522711,6
2555,8.445487115,6
2556,9.337166285,6
2557,9.41154025,6
2558,9.152039784,6
2559,9.536844213,6
2560,9.66942389,6
2561,9.421241202000001,6
2562,8.001668562,6
2563,5.60229977,6
2564,4.279736649,6
2565,3.501235252,6
2566,3.4575809680000003,6
2567,2.9822343210000004,6
2568,2.142293561,6
2569,1.443016605,6
2570,0.703319017,6
2571,-0.512533632,6
2572,-0.828622985,6
2573,-1.494755021,6
2574,-1.843989293,6
2575,-2.186756263,6
2576,-3.397758436,6
2577,-4.270844115,6
2578,-4.280545067,6
2579,-3.819749847,6
2580,-3.595011126,6
2581,-3.246585267,6
2582,-3.269220822,6
2583,-3.39290796,6
2584,-3.075201782,6
2585,-2.903009884,6
2586,-2.940196867,6
2587,-2.851271474,6
2588,-2.96849131,6
2589,-2.881991155,6
2590,-2.700098305,6
2591,-2.7962994130000003,6
2592,-2.63461688,6
2593,-2.580453231,6
2594,-2.430088475,6
2595,-2.477784823,6
2596,-2.426854825,6
2597,-2.497995139,6
2598,-2.345205145,6
2599,-2.308826575,6
2600,-2.283765783,6
2601,-2.253854514,6
2602,-2.231218959,6
2603,-2.196457215,6
2604,-2.402602444,6
2605,-2.243345149,6
2606,-2.223943246,6
2607,-2.200499278,6
2608,-2.285382608,6
2609,-2.009713889,6
2610,-2.105914996,6
2611,-2.184331025,6
2612,-2.13744309,6
2613,-2.114807536,6
2614,-2.06468595,6
2615,-1.904620243,6
2616,-1.881984688,6
2617,-1.970910081,6
2618,-1.822162151,6
2619,-1.908662306,6
2620,-1.756680725,6
2621,-1.726769456,6
2622,-1.702517076,6
2623,-1.928872623,6
2624,-1.761531201,6
2625,-1.7542554869999998,6
2626,-1.71868533,6
2627,-1.686348823,6
2628,-1.654820729,6
2629,-1.880367863,6
2630,-1.827012627,6
2631,-1.43089042,6
2632,-1.528708353,6
2633,-1.505264386,6
2634,-1.70655914,6
2635,-1.574787875,6
2636,-1.557002796,6
2637,-1.5359840669999998,6
2638,-1.505264386,6
2639,-1.614400096,6
2640,2.597429892,6
2641,2.36622387,6
2642,2.624915922,6
2643,2.535990532,6
2644,2.55054196,6
2645,2.686355285,6
2646,2.581261641,6
2647,2.497995139,6
2648,2.634616877,6
2649,2.534373709,6
2650,2.539224185,6
2651,2.5529672000000003,6
2652,2.576411167,6
2653,2.607939261,6
2654,2.73566846,6
2655,2.518205453,6
2656,2.544074659,6
2657,2.6661449740000003,6
2658,2.43898101,6
2659,2.587728942,6
2660,2.476167992,6
2661,2.358948158,6
2662,2.265980704,6
2663,2.279723719,6
2664,2.297508798,6
2665,2.19888245,6
2666,2.071961659,6
2667,2.086513087,6
2668,2.104298166,6
2669,2.245770385,6
2670,2.134209435,6
2671,2.278915304,6
2672,2.278915304,6
2673,2.178672131,6
2674,2.308826573,6
2675,2.319335937,6
2676,2.200499273,6
2677,2.205349749,6
2678,2.211008637,6
2679,2.22070959,6
2680,2.233644192,6
2681,2.134209437,6
2682,2.135017849,6
2683,2.013755947,6
2684,2.147144039,6
2685,2.275681651,6
2686,2.161695468,6
2687,2.053368173,6
2688,2.048517697,6
2689,2.055793411,6
2690,1.925638969,6
2691,1.950699762,6
2692,1.834288335,6
2693,1.83267151,6
2694,1.837521986,6
2695,1.734045167,6
2696,1.740512469,6
2697,1.492329781,6
2698,1.3646005769999998,6
2699,1.628951523,6
2700,1.502839145,6
2701,1.618442159,6
2702,1.384002481,6
2703,1.371876291,6
2704,1.493138193,6
2705,1.493946606,6
2706,1.61278327,6
2707,1.720302152,6
2708,1.826204209,6
2709,1.810035956,6
2710,1.801951829,6
2711,1.791442464,6
2712,1.814886431,6
2713,1.921596906,6
2714,2.0517513480000003,6
2715,2.027498968,6
2716,1.781741512,6
2717,2.010522302,6
2718,1.890877225,6
2719,2.000012937,6
2720,1.983844684,6
2721,1.860965956,6
2722,1.962017542,6
2723,1.959592304,6
2724,1.936148337,6
2725,2.037199917,6
2726,1.782549928,6
2727,1.883601513,6
2728,1.848031356,6
2729,1.936956746,6
2730,1.902195002,6
2731,1.987078329,6
2732,1.729194689,6
2733,1.6758394580000002,6
2734,1.995970871,6
2735,1.831054685,6
2736,1.889260399,6
2737,1.966868018,6
2738,1.941807225,6
2739,1.75910596,6
2740,1.705750724,6
2741,1.741320884,6
2742,2.158461819,6
2743,2.200499276,6
2744,1.869858495,6
2745,2.021840077,6
2746,1.934531509,6
2747,1.72191898,6
2748,1.61278327,6
2749,1.629759934,6
2750,1.4866708919999998,6
2751,1.3403482,6
2752,1.069529959,6
2753,1.204534869,6
2754,1.37025947,6
2755,1.326605187,6
2756,1.171389952,6
2757,1.256273285,6
2758,1.356516453,6
2759,1.069529957,6
2760,1.151179638,6
2761,1.3241799440000002,6
2762,1.164114238,6
2763,1.316095819,6
2764,1.613591678,6
2765,1.162497413,6
2766,1.3120537559999998,6
2767,1.455142798,6
2768,1.468885816,6
2769,1.295885506,6
2770,1.342773435,6
2771,1.168964712,6
2772,1.303969632,6
2773,1.375109942,6
2774,0.942609171,6
2775,0.888445519,6
2776,1.1148010659999998,6
2777,0.129346026,6
2778,-0.656431082,6
2779,-0.8553006,6
2780,-1.17058154,6
2781,-1.436549307,6
2782,0.222313483,6
2783,5.329056292,6
2784,7.489943346,6
2785,7.886873962999999,6
2786,6.540058462,6
2787,3.131790666,6
2788,2.761537666,6
2789,3.156851459,6
2790,3.4212024010000004,6
2791,4.596634414,6
2792,5.764790718,6
2793,7.014596697000001,6
2794,5.374327401,6
2795,5.515799615,6
2796,5.797127222,6
2797,6.115641812000001,6
2798,7.320985097,6
2799,8.560281717999999,6
2800,7.59422858,6
2801,6.247413079,6
2802,7.391316999,6
2803,7.433354462,6
2804,6.965283524,6
2805,5.454360255,6
2806,4.0679325330000005,6
2807,3.836726511,6
2808,3.729207624,6
2809,3.274071295,6
2810,3.144725269,6
2811,2.90543512,6
2812,2.8334863930000003,6
2813,2.655635609,6
2814,2.794682587,6
2815,2.940196867,6
2816,2.949897817,6
2817,2.809234013,6
2818,2.555392433,6
2819,2.527906405,6
2820,2.386434189,6
2821,2.368649108,6
2822,2.346013556,6
2823,1.978185793,6
2824,2.051751345,6
2825,1.735661991,6
2826,1.82054532,6
2827,1.909470713,6
2828,1.91432119,6
2829,1.6346104119999998,6
2830,1.69443295,6
2831,1.59823184,6
2832,1.14956281,6
2833,1.325796774,6
2834,1.354091217,6
2835,1.306394867,6
2836,1.235254555,6
2837,1.5303251780000002,6
2838,1.438974545,6
2839,1.59742343,6
2840,1.622484222,6
2841,1.652395491,6
2842,1.675031046,6
2843,1.587722475,6
2844,1.625717871,6
2845,1.784975168,6
2846,1.682306757,6
2847,1.583680409,6
2848,1.7429377069999998,6
2849,1.896536116,6
2850,1.678264691,6
2851,1.721918975,6
2852,1.6467366,6
2853,1.791442464,6
2854,1.71949374,6
2855,1.879559445,6
2856,1.902195,6
2857,1.691199299,6
2858,1.473736287,6
2859,1.387236134,6
2860,1.4171474030000002,6
2861,1.324988361,6
2862,1.471311051,6
2863,1.61116644,6
2864,1.656437549,6
2865,1.6637132630000002,6
2866,1.69928342,6
2867,1.487479307,6
2868,1.519007401,6
2869,1.537600892,6
2870,1.3468155030000002,6
2871,1.254656457,6
2872,1.156838527,6
2873,1.180282494,6
2874,1.10105805,6
2875,1.110759003,6
2876,1.128544081,6
2877,0.905422185,6
2878,1.058212177,6
2879,1.071146779,6
2880,1.132586142,7
2881,1.145520745,7
2882,1.160072172,7
2883,1.193217092,7
2884,1.20776852,7
2885,1.221511535,7
2886,1.238488201,7
2887,1.277292009,7
2888,1.169773127,7
2889,1.191600269,7
2890,1.196450745,7
2891,0.966053135,7
2892,1.111567417,7
2893,1.1430955109999998,7
2894,1.1487544,7
2895,1.175432018,7
2896,1.201301224,7
2897,1.201301224,7
2898,1.21827789,7
2899,1.244955507,7
2900,1.255464872,7
2901,1.260315348,7
2902,1.289418204,7
2903,1.303161219,7
2904,1.320946298,7
2905,1.344390265,7
2906,1.217469474,7
2907,1.109950587,7
2908,1.371876296,7
2909,1.14713757,7
2910,1.157646935,7
2911,1.180282489,7
2912,1.180282489,7
2913,0.957969011,7
2914,0.966053138,7
2915,0.976562502,7
2916,0.857725838,7
2917,0.740505999,7
2918,0.990305517,7
2919,0.877936155,7
2920,0.7688004420000001,7
2921,0.791435997,7
2922,0.792244409,7
2923,0.793052822,7
2924,0.8043705990000001,7
2925,0.810837901,7
2926,0.818922028,7
2927,0.832665043,7
2928,1.071955197,7
2929,0.7130199709999999,7
2930,1.071146779,7
2931,0.974137262,7
2932,0.857725835,7
2933,0.978179325,7
2934,1.105100116,7
2935,1.123693607,7
2936,1.008090594,7
2937,0.8819782209999999,7
2938,1.120459957,7
2939,1.018599958,7
2940,0.89248758,7
2941,0.763949969,7
2942,0.8957212309999999,7
2943,1.005665356,7
2944,1.126927258,7
2945,1.249805981,7
2946,1.24657233,7
2947,1.109950592,7
2948,1.093782339,7
2949,1.077614086,7
2950,1.069529959,7
2951,1.303161214,7
2952,1.326605181,7
2953,1.067104721,7
2954,1.075188848,7
2955,1.295077088,7
2956,1.171389952,7
2957,1.278100422,7
2958,1.402595975,7
2959,1.267591057,7
2960,1.251422809,7
2961,1.250614391,7
2962,1.229595662,7
2963,1.349240739,7
2964,1.569937397,7
2965,1.670988977,7
2966,1.416338993,7
2967,1.639460883,7
2968,1.359750106,7
2969,1.448675496,7
2970,1.7801246919999998,7
2971,1.742937709,7
2972,1.729194694,7
2973,1.919980083,7
2974,1.873900556,7
2975,1.831054685,7
2976,1.767190084,7
2977,1.600657078,7
2978,1.81973691,7
2979,1.881176275,7
2980,1.827821039,7
2981,2.107531819,7
2982,1.914321189,7
2983,1.834288336,7
2984,1.869858495,7
2985,1.899769767,7
2986,2.056601819,7
2987,1.72191898,7
2988,1.85692389,7
2989,1.751830244,7
2990,1.6087412019999998,7
2991,1.584488825,7
2992,1.435740894,7
2993,1.814886434,7
2994,1.85854072,7
2995,2.059027057,7
2996,1.781741517,7
2997,1.988695155,7
2998,1.844797703,7
2999,2.046092457,7
3000,1.883601513,7
3001,1.934531509,7
3002,1.896536113,7
3003,2.170588004,7
3004,2.223943243,7
3005,1.894919288,7
3006,1.922405316,7
3007,2.187564673,7
3008,2.079237376,7
3009,2.394518316,7
3010,2.44140625,7
3011,2.511738152,7
3012,2.402602442,7
3013,2.473742757,7
3014,2.407452916,7
3015,2.353289269,7
3016,2.7017151310000003,7
3017,2.082471026,7
3018,1.784975168,7
3019,1.341965025,7
3020,0.78254346,7
3021,-0.704127432,7
3022,-0.632178707,7
3023,4.352493792,7
3024,7.489943346,7
3025,7.642733343,7
3026,8.981464712000001,7
3027,7.770462541,7
3028,9.353334541,7
3029,8.650015524,7
3030,7.937803961,7
3031,7.770462544,7
3032,9.548970407999999,7
3033,10.18842482,7
3034,9.890928966,7
3035,4.78337774,7
3036,2.379158472,7
3037,2.575602752,7
3038,7.443055412,7
3039,8.316141088,7
3040,8.937002015,7
3041,8.078467763999999,7
3042,8.489949814,7
3043,8.043706022,7
3044,7.697705399,7
3045,5.942641505,7
3046,3.945862218,7
3047,3.836726511,7
3048,3.485067004,7
3049,2.90786036,7
3050,3.266795579,7
3051,3.27164606,7
3052,3.687978578,7
3053,3.510127794,7
3054,3.527104457,7
3055,3.184337492,7
3056,3.316108752,7
3057,3.663726203,7
3058,3.531954933,7
3059,3.382398595,7
3060,3.485067004,7
3061,3.345211608,7
3062,3.444646366,7
3063,3.320959233,7
3064,3.394524785,7
3065,3.3225760560000004,7
3066,3.28538907,7
3067,3.252244153,7
3068,3.13502432,7
3069,3.099454162,7
3070,2.91513607,7
3071,2.696864655,7
3072,2.61440656,7
3073,2.302359274,7
3074,2.208583402,7
3075,0.696043307,7
3076,-0.107518885,7
3077,-0.422799827,7
3078,-0.75829108,7
3079,-0.477771885,7
3080,-0.574781408,7
3081,-0.422799824,7
3082,-0.278093954,7
3083,-0.24333221,7
3084,-0.327407129,7
3085,-0.168149832,7
3086,-0.148747928,7
3087,-0.125303961,7
3088,0.033953332,7
3089,0.065481426,7
3090,0.213420941,7
3091,0.257075225,7
3092,0.30396316,7
3093,0.570739344,7
3094,0.62086093,7
3095,0.658856325,7
3096,0.68149188,7
3097,0.7146367990000001,7
3098,0.863384727,7
3099,0.898954884,7
3100,0.928866153,7
3101,0.714636796,7
3102,0.983029801,7
3103,0.87874457,7
3104,0.801945364,7
3105,0.687150763,7
3106,0.60065061,7
3107,0.755057427,7
3108,0.7865855209999999,7
3109,0.8051790120000001,7
3110,0.858534248,7
3111,0.7663752070000001,7
3112,0.912697897,7
3113,0.936141864,7
3114,0.856917425,7
3115,0.988688688,7
3116,0.8844034559999999,7
3117,0.905422185,7
3118,0.936141867,7
3119,1.071146779,7
3120,2.597429892,7
3121,2.854505125,7
3122,2.624915922,7
3123,2.658060842,7
3124,2.794682585,7
3125,2.686355285,7
3126,2.7033319510000005,7
3127,2.742135759,7
3128,2.756687187,7
3129,2.6564440190000003,7
3130,2.783364805,7
3131,2.79710782,7
3132,2.698481477,7
3133,2.607939261,7
3134,2.61359815,7
3135,2.640275768,7
3136,2.544074659,7
3137,2.422004344,7
3138,2.43898101,7
3139,2.343588317,7
3140,2.476167992,7
3141,2.358948158,7
3142,2.265980704,7
3143,2.279723719,7
3144,2.297508798,7
3145,2.320952765,7
3146,2.3161022890000003,7
3147,2.330653717,7
3148,2.348438796,7
3149,2.12370007,7
3150,2.134209435,7
3151,1.912704369,7
3152,2.156844989,7
3153,2.178672131,7
3154,2.186756258,7
3155,2.075195312,7
3156,2.200499273,7
3157,2.205349749,7
3158,2.211008637,7
3159,2.22070959,7
3160,2.233644192,7
3161,2.012139127,7
3162,2.012947539,7
3163,1.891685637,7
3164,2.0250737290000003,7
3165,1.909470716,7
3166,2.039625158,7
3167,1.931297858,7
3168,1.804377067,7
3169,1.689582471,7
3170,1.437357719,7
3171,1.584488827,7
3172,1.590147715,7
3173,1.7106012,7
3174,1.3492407359999998,7
3175,1.611974857,7
3176,1.374301529,7
3177,1.614400096,7
3178,1.6087412069999998,7
3179,1.384810893,7
3180,1.502839145,7
3181,1.618442159,7
3182,1.261932171,7
3183,1.249805981,7
3184,1.493138193,7
3185,1.371876291,7
3186,1.61278327,7
3187,1.476161527,7
3188,1.337922959,7
3189,1.565895336,7
3190,1.435740894,7
3191,1.547301844,7
3192,1.570745811,7
3193,1.433315656,7
3194,1.441399783,7
3195,1.4171474030000002,7
3196,1.537600892,7
3197,1.5222410519999998,7
3198,1.52466629,7
3199,1.633801997,7
3200,1.7397040540000002,7
3201,1.494755021,7
3202,1.595806602,7
3203,1.715451674,7
3204,1.692007707,7
3205,2.037199917,7
3206,2.148760863,7
3207,1.883601513,7
3208,1.970101666,7
3209,2.425237996,7
3210,2.756687192,7
3211,2.719500209,7
3212,2.583686879,7
3213,2.530331643,7
3214,2.484252121,7
3215,2.685546875,7
3216,2.743752584,7
3217,2.821360203,7
3218,3.162510345,7
3219,2.979809085,7
3220,3.048524159,7
3221,2.962024004,7
3222,3.012954004,7
3223,3.299132086,7
3224,3.334702245,7
3225,3.120472887,7
3226,3.155234634,7
3227,3.30883304,7
3228,3.68797858,7
3229,3.704955244,7
3230,3.806006832,7
3231,3.65968414,7
3232,3.510936209,7
3233,3.523870809,7
3234,3.56752509,7
3235,3.768011437,7
3236,3.856936827,7
3237,3.819749845,7
3238,3.675852393,7
3239,3.633006522,7
3240,3.714656198,7
3241,3.521445574,7
3242,3.361379863,7
3243,3.391291134,7
3244,3.688786993,7
3245,3.725973978,7
3246,3.753460006,7
3247,3.896549048,7
3248,3.544081126,7
3249,3.4931511260000003,7
3250,3.662109375,7
3251,4.098652217,7
3252,4.111586817,7
3253,3.816516192,7
3254,3.750226356,7
3255,3.573992394,7
3256,3.4341370010000003,7
3257,2.692822586,7
3258,1.418764228,7
3259,1.341965025,7
3260,0.29426221,7
3261,-0.8261977420000001,7
3262,0.100243168,7
3263,1.056595352,7
3264,5.4147480360000015,7
3265,4.957186468,7
3266,7.882831902,7
3267,8.747025041,7
3268,6.057436101,7
3269,2.668570209,7
3270,0.8577258409999999,7
3271,-0.042037456,7
3272,-0.582865532,7
3273,-0.309622053,7
3274,0.979796151,7
3275,3.928885555,7
3276,8.360603787,7
3277,6.359782442,7
3278,2.438172597,7
3279,5.996805153,7
3280,6.61766608,7
3281,7.956397454,7
3282,8.734090439,7
3283,8.043706022,7
3284,7.575635088999999,7
3285,5.69850088,7
3286,5.410705967999999,7
3287,6.644343696,7
3288,5.6823326289999985,7
3289,5.10512598,7
3290,4.609569018999999,7
3291,4.00406793,7
3292,3.810048893,7
3293,3.754268419,7
3294,3.771245082,7
3295,3.672618737,7
3296,3.682319692,7
3297,3.541655888,7
3298,3.654025248,7
3299,3.74860953,7
3300,2.752645129,7
3301,2.4907194230000003,7
3302,2.468083871,7
3303,2.222326418,7
3304,2.173821655,7
3305,2.223943241,7
3306,2.30882657,7
3307,2.275681653,7
3308,2.40260244,7
3309,2.489102597,7
3310,2.42685482,7
3311,2.57479434,7
3312,2.492336245,7
3313,2.424429584,7
3314,2.086513092,7
3315,1.916746427,7
3316,1.60146549,7
3317,1.408254863,7
3318,0.584482355,7
3319,0.498790615,7
3320,0.645921722,7
3321,0.309622051,7
3322,0.454327916,7
3323,0.611159975,7
3324,0.771225686,7
3325,0.5642720379999999,7
3326,0.583673942,7
3327,0.362977289,7
3328,0.400164272,7
3329,0.5537626760000001,7
3330,0.579631881,7
3331,0.623286165,7
3332,0.426033475,7
3333,0.448669029,7
3334,0.3767203,7
3335,0.04850476,7
3336,-0.17300031,7
3337,-0.506066331,7
3338,-0.479388708,7
3339,-0.932099806,7
3340,-1.146329157,7
3341,-0.994347579,7
3342,-1.092165509,7
3343,-0.95231012,7
3344,-0.7849687009999999,7
3345,-0.777692987,7
3346,-0.74212283,7
3347,-0.709786323,7
3348,-0.6782582290000001,7
3349,-0.7817350479999999,7
3350,-0.850450122,7
3351,-0.942609168,7
3352,-0.796286473,7
3353,-1.139053446,7
3354,-1.21827789,7
3355,-1.208576932,7
3356,-1.190791854,7
3357,-1.29184344,7
3358,-1.139053443,7
3359,-1.004048531,7
3360,0.5222345820000001,8
3361,0.168958245,8
3362,0.183509672,8
3363,0.094584282,8
3364,0.23120602,8
3365,0.000808415,8
3366,-0.104285234,8
3367,-0.187551741,8
3368,-0.050929998,8
3369,0.092967459,8
3370,0.097817935,8
3371,-0.13257968,8
3372,0.012934602,8
3373,0.044462696,8
3374,-0.07194873,8
3375,-0.167341422,8
3376,-0.14147221599999998,8
3377,-0.263542526,8
3378,-0.12449555,8
3379,-0.219888243,8
3380,-0.087308568,8
3381,0.039612218,8
3382,0.068715074,8
3383,-0.405823161,8
3384,-0.14389745199999998,8
3385,-0.120453485,8
3386,-0.247374276,8
3387,-0.354893163,8
3388,-0.337108084,8
3389,-0.317706175,8
3390,-0.1851265,8
3391,-0.406631571,8
3392,-0.28456125600000004,8
3393,-0.506874739,8
3394,-0.13257967699999998,8
3395,-0.488281248,8
3396,-0.4850475970000001,8
3397,-0.358126811,8
3398,-0.352467923,8
3399,-0.22069666,8
3400,-0.451902678,8
3401,-0.307196813,8
3402,-0.428458711,8
3403,-0.061439363,8
3404,-0.416332521,8
3405,-0.165724599,8
3406,-0.157640472,8
3407,-0.143897457,8
3408,-0.148747933,8
3409,-0.141472219,8
3410,-0.149556346,8
3411,-0.368636178,8
3412,-0.118836665,8
3413,-0.12045349,8
3414,0.006467301,8
3415,-0.341150143,8
3416,-0.334682841,8
3417,-0.460795219,8
3418,-0.466454108,8
3419,-0.324173477,8
3420,-0.20614523,8
3421,-0.456753156,8
3422,-0.447052204,8
3423,-0.337108079,8
3424,-0.337916492,8
3425,-0.337108079,8
3426,-0.34034173,8
3427,-0.232822848,8
3428,-0.126920791,8
3429,-0.509299979,8
3430,-0.395313791,8
3431,-0.405823156,8
3432,-0.504449504,8
3433,-0.397739029,8
3434,-0.389654902,8
3435,-0.16976666199999998,8
3436,-0.293453798,8
3437,-0.186743328,8
3438,-0.18431809,8
3439,-0.197252693,8
3440,0.030719684,8
3441,-0.092159044,8
3442,0.008892542,8
3443,0.128537614,8
3444,0.105093647,8
3445,-0.160065708,8
3446,0.07356555299999999,8
3447,-0.069523487,8
3448,-0.105093644,8
3449,0.350042686,8
3450,0.193210627,8
3451,0.278093959,8
3452,0.386421254,8
3453,0.455136328,8
3454,0.409056806,8
3455,0.48828125,8
3456,0.668557274,8
3457,0.624094578,8
3458,0.721104095,8
3459,0.660473145,8
3460,0.851258539,8
3461,0.8868286940000001,8
3462,0.815688379,8
3463,0.979796151,8
3464,1.01536631,8
3465,0.923207267,8
3466,0.957969009,8
3467,1.23363773,8
3468,1.24657233,8
3469,1.263548994,8
3470,1.3646005819999998,8
3471,1.21827789,8
3472,1.069529954,8
3473,1.5707458090000002,8
3474,1.61440009,8
3475,1.814886437,8
3476,1.781741517,8
3477,1.988695155,8
3478,1.844797703,8
3479,1.557811207,8
3480,2.005671823,8
3481,2.056601824,8
3482,2.018606428,8
3483,2.048517694,8
3484,2.101872928,8
3485,1.894919288,8
3486,1.922405316,8
3487,2.187564673,8
3488,2.201307686,8
3489,2.272448006,8
3490,2.319335935,8
3491,2.389667842,8
3492,2.524672752,8
3493,2.473742757,8
3494,2.651593541,8
3495,2.841570519,8
3496,2.7017151260000003,8
3497,1.960400716,8
3498,1.174623603,8
3499,0.853683775,8
3500,-0.316089355,8
3501,-0.826197747,8
3502,-0.510108392,8
3503,1.911087542,8
3504,5.9030292860000015,8
3505,3.858553653,8
3506,4.831074092,8
3507,8.014603166,8
3508,7.4002095410000015,8
3509,2.668570209,8
3510,4.763975836,8
3511,4.840775039,8
3512,9.182759467999999,8
3513,11.04291701,8
3514,10.74542115,8
3515,11.37517461,8
3516,12.51099441,8
3517,10.51017306,8
3518,9.884461662,8
3519,10.3913364,8
3520,10.03563483,8
3521,10.03159276,8
3522,8.367879504,8
3523,4.625737272,8
3524,4.157666339,8
3525,4.84400869,8
3526,3.335510658,8
3527,2.493953071,8
3528,1.654012314,8
3529,1.56508692,8
3530,1.557811209,8
3531,1.318521055,8
3532,1.124502018,8
3533,1.190791859,8
3534,1.207768522,8
3535,1.231212487,8
3536,1.362983752,8
3537,1.5885308880000002,8
3538,1.822970563,8
3539,1.917554845,8
3540,2.020223254,8
3541,2.2465787980000003,8
3542,2.223943246,8
3543,2.344396733,8
3544,2.417962285,8
3545,2.468083871,8
3546,2.430896885,8
3547,2.519822278,8
3548,2.28053213,8
3549,2.122891662,8
3550,2.060643885,8
3551,1.842372465,8
3552,1.515773745,8
3553,1.447867084,8
3554,1.476161527,8
3555,1.428465177,8
3556,1.7235358,8
3557,1.774465798,8
3558,1.927255795,8
3559,1.84156405,8
3560,1.866624842,8
3561,1.896536111,8
3562,2.041241981,8
3563,1.95393341,8
3564,1.991928806,8
3565,2.029115788,8
3566,2.048517692,8
3567,2.071961659,8
3568,2.231218957,8
3569,2.140676736,8
3570,2.166545941,8
3571,2.210200225,8
3572,2.25708816,8
3573,2.279723714,8
3574,2.08570468,8
3575,2.123700075,8
3576,2.26840594,8
3577,2.301550859,8
3578,2.084087852,8
3579,1.997587694,8
3580,1.7833583380000002,8
3581,1.813269611,8
3582,1.5933813609999998,8
3583,1.733236755,8
3584,1.656437549,8
3585,1.6637132630000002,8
3586,1.333072485,8
3587,1.487479307,8
3588,1.519007401,8
3589,1.293460262,8
3590,1.3468154980000002,8
3591,1.4987970819999998,8
3592,1.400979147,8
3593,1.180282494,8
3594,1.345198675,8
3595,1.354899628,8
3596,1.250614396,8
3597,1.271633125,8
3598,1.302352807,8
3599,1.071146779,8
3600,0.7663752070000001,8
3601,0.901380125,8
3602,0.671790922,8
3603,0.582865532,8
3604,0.59741696,8
3605,0.489089665,8
3606,0.506066331,8
3607,0.300729509,8
3608,0.315280937,8
3609,0.337108079,8
3610,0.097817935,8
3611,-0.010509365,8
3612,-0.109135713,8
3613,-0.321748239,8
3614,-0.31608935,8
3615,-0.167341422,8
3616,-0.14147221599999998,8
3617,-0.263542526,8
3618,-0.368636175,8
3619,-0.586099183,8
3620,-0.453519508,8
3621,-0.4486690270000001,8
3622,-0.663706796,8
3623,-0.649963786,8
3624,-0.265967767,8
3625,-0.73080505,8
3626,-0.613585211,8
3627,-0.721104098,8
3628,-0.703319019,8
3629,-0.683917115,8
3630,-0.55133744,8
3631,-0.406631571,8
3632,-0.284561261,8
3633,-0.262734119,8
3634,-0.254649992,8
3635,-0.366210938,8
3636,-0.240906977,8
3637,-0.113986186,8
3638,0.013743017,8
3639,-0.098626345,8
3640,0.036378572000000005,8
3641,-0.063056188,8
3642,-0.184318091,8
3643,-0.183509678,8
3644,-0.172191901,8
3645,0.078416031,8
3646,-0.157640472,8
3647,-0.143897457,8
3648,0.095392697,8
3649,-0.019401904,8
3650,-0.149556346,8
3651,-0.246565863,8
3652,-0.118836665,8
3653,-0.12045349,8
3654,-0.115603014,8
3655,-0.097009523,8
3656,-0.090542221,8
3657,-0.094584284,8
3658,-0.100243173,8
3659,0.042037458,8
3660,-0.08407492,8
3661,0.031528094,8
3662,0.163299361,8
3663,0.029102856,8
3664,-0.093775867,8
3665,0.029102856,8
3666,0.025869205,8
3667,0.133388092,8
3668,0.117219839,8
3669,0.223121896,8
3670,-0.151173166,8
3671,0.204528404,8
3672,0.227972371,8
3673,0.090542216,8
3674,-0.023443967000000003,8
3675,-0.047696347,8
3676,-0.049313173,8
3677,0.057397302,8
3678,0.059822535,8
3679,0.291028562,8
3680,0.152789994,8
3681,0.396122206,8
3682,0.253033162,8
3683,0.372678239,8
3684,0.227163957,8
3685,0.328215542,8
3686,0.439776493,8
3687,0.418757763,8
3688,0.627328226,8
3689,0.594183306,8
3690,0.559421562,8
3691,0.522234579,8
3692,0.508491564,8
3693,0.333066018,8
3694,0.7752677459999999,8
3695,0.854492185,8
3696,0.668557274,8
3697,0.7461648879999999,8
3698,0.84317441,8
3699,0.904613775,8
3700,0.973328849,8
3701,1.008899004,8
3702,1.181899319,8
3703,1.223936776,8
3704,1.381577245,8
3705,1.289418202,8
3706,1.324179949,8
3707,1.477778355,8
3708,1.61278327,8
3709,1.507689624,8
3710,1.6087412019999998,8
3711,1.584488825,8
3712,1.679881519,8
3713,1.814886434,8
3714,1.98061103,8
3715,2.059027057,8
3716,2.270022767,8
3717,2.354906095,8
3718,2.455149263,8
3719,2.534373707,8
3720,2.6160233880000003,8
3721,2.422812759,8
3722,2.506887678,8
3723,2.536798944,8
3724,2.590154178,8
3725,2.871481788,8
3726,2.776897506,8
3727,2.797916233,8
3728,2.6895889360000003,8
3729,2.638658941,8
3730,2.9296875,8
3731,3.000019402,8
3732,3.501235252,8
3733,3.328234942,8
3734,3.261945106,8
3735,3.451922079,8
3736,3.1899963760000003,8
3737,2.692822586,8
3738,1.662904853,8
3739,0.853683775,8
3740,0.050121585,8
3741,-0.826197747,8
3742,-0.632178702,8
3743,1.666946917,8
3744,5.4147480360000015,8
3745,7.520663027999999,8
3746,3.244160027,8
3747,1.300735976,8
3748,3.738100166,8
3749,3.400992084,8
3750,5.618468026,8
3751,9.845657854,8
3752,3.811665718,8
3753,1.155221697,8
3754,0.125303961,8
3755,-0.34357538,8
3756,-0.428458713,8
3757,-0.842365998,8
3758,0.7291882270000001,8
3759,1.3581332780000002,8
3760,0.392080145,8
3761,0.510108394,8
3762,0.799520124,8
3763,1.4519091469999998,8
3764,1.1059085240000002,8
3765,0.693618065,8
3766,0.5278934679999999,8
3767,1.029109321,8
3768,1.287801379,8
3769,1.687157235,8
3770,1.924022144,8
3771,2.173013245,8
3772,2.1010645180000003,8
3773,2.167354359,8
3774,2.062260707,8
3775,2.085704677,8
3776,2.095405632,8
3777,2.198882453,8
3778,2.189181498,8
3779,2.161695465,8
3780,1.776082624,8
3781,2.0024381730000003,8
3782,1.979802616,8
3783,1.978185793,8
3784,1.929681035,8
3785,1.979802621,8
3786,1.942615635,8
3787,1.665330093,8
3788,1.67018057,8
3789,1.3904697819999998,8
3790,1.45029232,8
3791,1.354091215,8
3792,0.905422185,8
3793,1.081656144,8
3794,0.743739652,8
3795,0.940183932,8
3796,0.869043615,8
3797,1.042043928,8
3798,1.07276361,8
3799,1.23121249,8
3800,1.3783435919999998,8
3801,1.408254861,8
3802,1.430890416,8
3803,1.587722475,8
3804,1.503647556,8
3805,1.540834538,8
3806,1.560236442,8
3807,1.583680409,8
3808,1.4987970819999998,8
3809,1.5303251759999998,8
3810,1.5561943809999998,8
3811,1.477778355,8
3812,1.52466629,8
3813,1.303161214,8
3814,1.23121249,8
3815,1.269207885,8
3816,1.29184344,8
3817,1.080847734,8
3818,0.985455037,8
3819,1.143095509,8
3820,0.928866153,8
3821,0.836707111,8
3822,0.8609594909999999,8
3823,1.00081488,8
3824,1.046085989,8
3825,1.053361703,8
3826,1.08893186,8
3827,1.121268367,8
3828,0.908655836,8
3829,0.6831087020000001,8
3830,0.736463938,8
3831,0.7663752070000001,8
3832,0.668557277,8
3833,0.8140715540000001,8
3834,0.734847115,8
3835,0.622477753,8
3836,0.7623331459999999,8
3837,0.66128156,8
3838,0.447860617,8
3839,0.8270061590000001,8
3840,0.6443048920000001,9
3841,0.77930981,9
3842,0.793861237,9
3843,0.704935842,9
3844,0.71948727,9
3845,0.489089665,9
3846,0.506066331,9
3847,0.544870139,9
3848,0.559421567,9
3849,0.337108079,9
3850,0.341958555,9
3851,0.477771885,9
3852,0.6232861670000001,9
3853,0.410673631,9
3854,0.41633252,9
3855,0.443010138,9
3856,0.590949659,9
3857,0.468879344,9
3858,0.119645075,9
3859,0.512533627,9
3860,0.400972682,9
3861,0.5278934679999999,9
3862,0.312855704,9
3863,0.326598719,9
3864,0.466454108,9
3865,0.24575745,9
3866,0.118836659,9
3867,0.011317777,9
3868,0.029102856,9
3869,0.04850476,9
3870,0.181084435,9
3871,0.203719989,9
3872,0.203719989,9
3873,0.225547131,9
3874,0.233631258,9
3875,0.366210937,9
3876,0.003233653,9
3877,-0.113986186,9
3878,-0.108327298,9
3879,0.02344397,9
3880,0.158448882,9
3881,-0.063056188,9
3882,0.059822539,9
3883,-0.061439363,9
3884,-0.050121586,9
3885,-0.409865219,9
3886,-0.035570157000000005,9
3887,-0.021827142,9
3888,0.095392697,9
3889,0.102668411,9
3890,-0.027486031,9
3891,0.119645077,9
3892,0.247374275,9
3893,0.24575745,9
3894,0.128537616,9
3895,0.269201417,9
3896,0.153598409,9
3897,0.393696966,9
3898,0.388038077,9
3899,0.042037458,9
3900,0.28213602,9
3901,0.031528094,9
3902,0.285369671,9
3903,0.273243481,9
3904,0.394505378,9
3905,0.273243481,9
3906,0.39208014,9
3907,0.377528712,9
3908,0.361360459,9
3909,0.345192206,9
3910,0.337108079,9
3911,0.08245809400000001,9
3912,0.472112996,9
3913,0.334682841,9
3914,0.464837283,9
3915,0.196444278,9
3916,0.561038392,9
3917,0.667748862,9
3918,0.914314725,9
3919,0.7793098070000001,9
3920,0.763141554,9
3921,0.7623331409999999,9
3922,0.741314412,9
3923,0.8609594890000001,9
3924,0.959585837,9
3925,0.938567107,9
3926,0.928057743,9
3927,1.029109323,9
3928,1.115609476,9
3929,1.082464556,9
3930,1.169773127,9
3931,1.254656459,9
3932,1.362983754,9
3933,1.431698828,9
3934,1.751830246,9
3935,1.831054685,9
3936,1.767190084,9
3937,1.844797703,9
3938,1.941807225,9
3939,2.003246585,9
3940,2.194031974,9
3941,2.229602134,9
3942,2.4026024390000003,9
3943,2.444639901,9
3944,2.23606943,9
3945,2.510121327,9
3946,2.422812759,9
3947,2.45434085,9
3948,2.71141608,9
3949,2.728392744,9
3950,2.951514642,9
3951,3.049332575,9
3952,3.144725269,9
3953,3.157659869,9
3954,3.44545478,9
3955,3.279730182,9
3956,3.490725887,9
3957,3.453538905,9
3958,3.675852393,9
3959,3.633006522,9
3960,3.714656198,9
3961,3.765586194,9
3962,3.483450178,9
3963,4.001642694,9
3964,3.932927618,9
3965,4.214255228,9
3966,4.241741256,9
3967,4.2627599830000005,9
3968,3.910292066,9
3969,3.859362066,9
3970,3.662109375,9
3971,3.488300652,9
3972,4.111586817,9
3973,4.304797442,9
3974,3.872296671,9
3975,3.696062709,9
3976,3.800347941,9
3977,3.3031741510000003,9
3978,2.151186103,9
3979,1.219894715,9
3980,0.538402835,9
3981,0.028294443,9
3982,-0.388038082,9
3983,-0.408248398,9
3984,-0.6887675940000001,9
3985,-0.780118222,9
3986,-1.516582163,9
3987,-1.506881209,9
3988,-1.999204524,9
3989,-2.092171981,9
3990,-2.438172599,9
3991,-2.483443711,9
3992,-1.193217097,9
3993,0.666940447,9
3994,0.369444586,9
3995,0.022635555,9
3996,-0.428458713,9
3997,1.3548996269999998,9
3998,6.2223522870000005,9
3999,8.560281713,9
4000,5.64110358,9
4001,1.974952144,9
4002,0.5553794989999999,9
4003,0.353276332,9
4004,0.251416339,9
4005,0.20533682,9
4006,0.283752848,9
4007,0.540828071,9
4008,0.677449814,9
4009,0.954735355,9
4010,1.313670579,9
4011,1.44059137,9
4012,1.734853578,9
4013,1.679073109,9
4014,1.6960497719999998,9
4015,1.841564052,9
4016,1.851265002,9
4017,1.954741823,9
4018,2.067111183,9
4019,2.039625155,9
4020,2.142293564,9
4021,2.124508488,9
4022,2.101872931,9
4023,1.856115483,9
4024,2.051751345,9
4025,2.101872931,9
4026,2.06468595,9
4027,2.031541028,9
4028,1.91432119,9
4029,2.000821347,9
4030,2.1827142000000004,9
4031,1.964442775,9
4032,2.12612531,9
4033,2.058218644,9
4034,2.208583402,9
4035,2.282957367,9
4036,2.21181705,9
4037,2.262747048,9
4038,2.29346673,9
4039,2.3298453,9
4040,2.110765472,9
4041,2.384817361,9
4042,2.407452916,9
4043,2.44221466,9
4044,2.236069436,9
4045,2.517397038,9
4046,2.536798942,9
4047,2.438172599,9
4048,2.475359582,9
4049,2.628957986,9
4050,2.654827191,9
4051,2.454340855,9
4052,2.6232991,9
4053,2.523864344,9
4054,2.451915615,9
4055,2.611981325,9
4056,2.512546565,9
4057,2.423621169,9
4058,2.206158167,9
4059,2.363798634,9
4060,2.393709903,9
4061,2.179480546,9
4062,2.203732926,9
4063,2.09944769,9
4064,2.2667891140000003,9
4065,2.396135143,9
4066,2.4317053,9
4067,2.219901177,9
4068,2.251429271,9
4069,2.270022762,9
4070,2.201307688,9
4071,2.109148647,9
4072,1.889260397,9
4073,1.790634054,9
4074,1.711409615,9
4075,1.599040253,9
4076,1.738895646,9
4077,1.63784406,9
4078,1.546493427,9
4079,1.559428029,9
4080,1.620867392,9
4081,1.633801995,9
4082,1.404212802,9
4083,1.4373577219999998,9
4084,1.45190915,9
4085,1.465652165,9
4086,1.482628831,9
4087,1.521432639,9
4088,1.5359840669999998,9
4089,1.557811209,9
4090,1.44059137,9
4091,1.33226407,9
4092,1.355708037,9
4093,1.387236131,9
4094,1.39289502,9
4095,1.4195726380000002,9
4096,1.445441844,9
4097,1.445441844,9
4098,1.46241851,9
4099,1.3670258169999998,9
4100,1.377535182,9
4101,1.382385658,9
4102,1.289418204,9
4103,1.1810909040000002,9
4104,1.4430166080000002,9
4105,1.344390265,9
4106,0.973328849,9
4107,1.232020902,9
4108,1.127735666,9
4109,1.02506726,9
4110,1.035576625,9
4111,0.936141869,9
4112,0.936141869,9
4113,0.8358986959999999,9
4114,0.5998421979999999,9
4115,0.976562502,9
4116,0.735655528,9
4117,0.618435689,9
4118,0.502024267,9
4119,0.51172522,9
4120,0.280519192,9
4121,0.425225062,9
4122,0.548103789,9
4123,0.304771572,9
4124,0.316089354,9
4125,0.444626966,9
4126,0.330640778,9
4127,0.466454108,9
4128,0.3395333170000001,9
4129,0.224738721,9
4130,0.094584284,9
4131,-0.002425238,9
4132,0.00323365,9
4133,0.12368714,9
4134,0.006467301,9
4135,-0.097009523,9
4136,0.153598409,9
4137,0.271626656,9
4138,0.388038077,9
4139,-0.080032857,9
4140,0.037995395,9
4141,0.031528094,9
4142,0.041229046,9
4143,0.029102856,9
4144,0.272435068,9
4145,0.151173171,9
4146,0.27000983,9
4147,0.255458402,9
4148,0.239290149,9
4149,0.345192206,9
4150,0.337108079,9
4151,0.204528404,9
4152,0.227972371,9
4153,0.334682841,9
4154,0.220696658,9
4155,0.196444278,9
4156,0.316897762,9
4157,0.4236082370000001,9
4158,0.426033475,9
4159,0.291028557,9
4160,0.274860304,9
4161,0.274051891,9
4162,0.497173792,9
4163,0.494748554,9
4164,0.593374897,9
4165,0.450285857,9
4166,0.561846803,9
4167,0.6628983829999999,9
4168,0.627328226,9
4169,0.7162536209999999,9
4170,0.803562192,9
4171,0.888445519,9
4172,0.752632194,9
4173,0.943417578,9
4174,1.019408371,9
4175,1.098632815,9
4176,1.156838524,9
4177,1.356516453,9
4178,1.209385345,9
4179,1.392895025,9
4180,1.461610099,9
4181,1.619250569,9
4182,1.670180569,9
4183,1.712218026,9
4184,1.74778818,9
4185,1.7776994519999998,9
4186,2.056601819,9
4187,2.088129915,9
4188,1.978994205,9
4189,1.995970874,9
4190,2.097022452,9
4191,2.072770075,9
4192,2.290233079,9
4193,2.547308309,9
4194,2.46889228,9
4195,2.669378622,9
4196,2.758304017,9
4197,2.965257655,9
4198,3.065500828,9
4199,2.900584642,9
4200,2.860164008,9
4201,2.911094009,9
4202,2.873098613,9
4203,2.903009884,9
4204,2.834294808,9
4205,2.871481788,9
4206,2.654827196,9
4207,2.797916233,9
4208,2.6895889360000003,9
4209,2.7607292560000003,9
4210,2.685546875,9
4211,2.877949092,9
4212,2.890883692,9
4213,3.084094322,9
4214,3.1398747910000004,9
4215,2.475359584,9
4216,2.213433876,9
4217,1.472119466,9
4218,1.174623603,9
4219,0.60954315,9
4220,0.172191895,9
4221,-0.4599868070000001,9
4222,-0.388038082,9
4223,1.911087542,9
4224,6.635451156,9
4225,6.422030218,9
4226,6.295917837,9
4227,4.5966344160000006,9
4228,0.5642720410000001,9
4229,-0.383187606,9
4230,-1.949891349,9
4231,-4.680709331,9
4232,-7.052592097000001,9
4233,-8.976614238,9
4234,-10.00653197,9
4235,-9.132637885,9
4236,-11.17064621,9
4237,-7.556233183,9
4238,-9.402647713,9
4239,-4.867452662,9
4240,-10.96045892,9
4241,-8.156883796,9
4242,-9.698526746,9
4243,-9.656489293,9
4244,-9.147997721,9
4245,-2.358139745,9
4246,-8.871520592000001,9
4247,-1.168156299,9
4248,-1.641886126,9
4249,-0.87631933,9
4250,-3.691212231,9
4251,-4.90706488,9
4252,-3.636240167,9
4253,-4.6685831460000005,9
4254,-3.919184603,9
4255,-4.261951573,9
4256,-3.886039683,9
4257,-3.660492547,9
4258,-3.792263817,9
4259,-3.57560922,9
4260,-3.4729408110000004,9
4261,-3.368655577,9
4262,-3.269220819,9
4263,-3.026697017,9
4264,-2.708990845,9
4265,-2.414728629,9
4266,-2.3298453,9
4267,-2.362990222,9
4268,-1.869858495,9
4269,-2.271639588,9
4270,-2.08974674,9
4271,-2.185947845,9
4272,-2.146335625,9
4273,-2.336312606,9
4274,-2.0638775330000003,9
4275,-1.745362948,9
4276,-1.69443295,9
4277,-2.131784202,9
4278,-2.101064515,9
4279,-1.942615635,9
4280,-1.795484528,9
4281,-1.765573259,9
4282,-1.742937704,9
4283,-1.46403534,9
4284,-1.670180564,9
4285,-1.632993582,9
4286,-1.491521368,9
4287,-1.712218026,9
4288,-1.4308904180000002,9
4289,-1.277292014,9
4290,-1.4955634290000002,9
4291,-1.451909145,9
4292,-1.527091525,9
4293,-1.5044559709999998,9
4294,-1.21019376,9
4295,-1.294268675,9
4296,-1.14956281,9
4297,-1.238488201,9
4298,-1.089740273,9
4299,-1.054170116,9
4300,-1.024258847,9
4301,-0.994347579,9
4302,-0.8480248890000001,9
4303,-0.83023981,9
4304,-0.7849687009999999,9
4305,-1.021833607,9
4306,-0.98626345,9
4307,-0.953926943,9
4308,-0.922398849,9
4309,-0.903805358,9
4310,-0.850450122,9
4311,-1.064679483,9
4312,-1.040427103,9
4313,-1.016983136,9
4314,-0.729996635,9
4315,-0.720295682,9
4316,-0.8245809190000001,9
4317,-0.681491875,9
4318,-0.772842508,9
4319,-0.7599079059999999,9
4320,-0.6984685429999999,10
4321,-0.563463625,10
4322,-0.670982513,10
4323,-0.637837593,10
4324,-0.74535648,10
4325,-0.60954315,10
4326,-0.7146367990000001,10
4327,-0.5537626760000001,10
4328,-0.783351873,10
4329,-0.5173841060000001,10
4330,-0.634603945,10
4331,-0.62086093,10
4332,-0.8415575829999999,10
4333,-0.687959179,10
4334,-0.68230029,10
4335,-0.533552362,10
4336,-0.507683156,10
4337,-0.629753466,10
4338,-0.49070649,10
4339,-0.464028873,10
4340,-0.453519508,10
4341,-0.448669032,10
4342,-0.541636486,10
4343,-0.405823161,10
4344,-0.388038082,10
4345,-0.364594115,10
4346,-0.369444591,10
4347,-0.354893163,10
4348,-0.459178394,10
4349,-0.195635865,10
4350,-0.429267125,10
4351,-0.284561261,10
4352,-0.406631571,10
4353,-0.384804429,10
4354,-0.254649992,10
4355,-0.244140628,10
4356,-0.4850475970000001,10
4357,-0.358126811,10
4358,-0.230397613,10
4359,-0.22069666,10
4360,-0.329832368,10
4361,-0.307196813,10
4362,-0.30638840100000003,10
4363,-0.183509678,10
4364,-0.294262211,10
4365,-0.409865219,10
4366,-0.157640472,10
4367,-0.388038077,10
4368,-0.392888553,10
4369,-0.385612839,10
4370,-0.393696966,10
4371,-0.246565863,10
4372,-0.4850476,10
4373,-0.486664425,10
4374,-0.481813949,10
4375,-0.341150143,10
4376,-0.456753156,10
4377,-0.582865534,10
4378,-0.588524423,10
4379,-0.6903844170000001,10
4380,-0.57235617,10
4381,-0.700893781,10
4382,-0.569122519,10
4383,-0.581248709,10
4384,-0.582057122,10
4385,-0.459178394,10
4386,-0.58448236,10
4387,-0.599033788,10
4388,-0.615202041,10
4389,-0.631370294,10
4390,-0.639454421,10
4391,-0.649963786,10
4392,-0.626519819,10
4393,-0.641879659,10
4394,-0.5117252170000001,10
4395,-0.780118222,10
4396,-0.5375944229999999,10
4397,-0.552954263,10
4398,-0.550529025,10
4399,-0.5634636279999999,10
4400,-0.579631881,10
4401,-0.336299669,10
4402,-0.479388708,10
4403,-0.35974363600000003,10
4404,-0.383187603,10
4405,-0.282136023,10
4406,-0.4147156970000001,10
4407,-0.435734427,10
4408,-0.105093644,10
4409,-0.138238564,10
4410,0.071140312,10
4411,-0.088116981,10
4412,0.020210314,10
4413,-0.033144922,10
4414,-0.201294754,10
4415,0.122070315,10
4416,0.05820571400000001,10
4417,0.013743018,10
4418,0.110752535,10
4419,0.416332525,10
4420,0.362977289,10
4421,0.520617754,10
4422,0.6936180690000001,10
4423,0.369444586,10
4424,0.405014745,10
4425,0.679066637,10
4426,0.713828384,10
4427,0.623286165,10
4428,0.75829108,10
4429,0.409056809,10
4430,0.754249017,10
4431,0.729996635,10
4432,0.947459644,10
4433,0.960394249,10
4434,1.248189155,10
4435,1.082464562,10
4436,1.415530577,10
4437,1.500413905,10
4438,1.600657078,10
4439,1.435740892,10
4440,1.639460888,10
4441,1.568320574,10
4442,1.5303251780000002,10
4443,1.682306759,10
4444,1.857732308,10
4445,1.650778663,10
4446,1.6782646959999998,10
4447,1.943424048,10
4448,1.957167061,10
4449,2.150377691,10
4450,1.708984375,10
4451,1.901386587,10
4452,2.036391502,10
4453,1.741320882,10
4454,2.041241981,10
4455,2.109148644,10
4456,1.969293256,10
4457,0.7396975859999999,10
4458,-0.046079522000000005,10
4459,-0.489089665,10
4460,-0.804370605,10
4461,-1.558619617,10
4462,-1.6087412069999998,10
4463,1.300735977,10
4464,7.123732406,10
4465,9.107577093,10
4466,5.563495967000001,10
4467,4.474564101,10
4468,1.418764226,10
4469,-0.383187606,10
4470,-1.827821034,10
4471,-2.8496546460000003,10
4472,-3.146342092,10
4473,-3.483450178,10
4474,-3.414735099,10
4475,-3.51740351,10
4476,-3.602286838,10
4477,-3.772053498,10
4478,-4.153624273,10
4479,-4.257101097,10
4480,-4.00245111,10
4481,-4.250633796,10
4482,-3.961222061,10
4483,-3.552973668,10
4484,-3.0444821010000003,10
4485,-2.724350685,10
4486,-2.035583092,10
4487,-1.656437554,10
4488,-1.519815811,10
4489,-0.998389645,10
4490,-0.761524731,10
4491,-0.756674255,10
4492,-0.5844823570000001,10
4493,-0.396122206,10
4494,-0.379145538,10
4495,-0.111560948,10
4496,-0.101859998,10
4497,0.001616823,10
4498,0.113986183,10
4499,0.208570465,10
4500,0.189168564,10
4501,0.171383488,10
4502,0.27081824600000004,10
4503,0.269201418,10
4504,0.220696655,10
4505,0.148747931,10
4506,0.35570157,10
4507,0.322556653,10
4508,0.32740713,10
4509,0.16976666199999998,10
4510,0.35165951,10
4511,0.255458405,10
4512,0.295070625,10
4513,0.227163959,10
4514,0.377528717,10
4515,0.329832367,10
4516,0.50283268,10
4517,0.553762678,10
4518,0.58448236,10
4519,0.62086093,10
4520,0.645921722,10
4521,0.6758329909999999,10
4522,0.576398231,10
4523,0.611159975,10
4524,0.771225686,10
4525,0.808412668,10
4526,0.8278145720000001,10
4527,0.851258539,10
4528,0.5222345820000001,10
4529,0.919973616,10
4530,0.701702191,10
4531,0.86742679,10
4532,0.914314725,10
4533,0.936950279,10
4534,0.86500155,10
4535,0.902996945,10
4536,1.047702815,10
4537,0.958777419,10
4538,0.863384727,10
4539,0.776884569,10
4540,1.050936463,10
4541,1.080847731,10
4542,0.983029801,10
4543,1.00081488,10
4544,0.801945364,10
4545,0.687150763,10
4546,0.72272092,10
4547,0.632987117,10
4548,0.542444901,10
4549,0.438968077,10
4550,-0.118028252,10
4551,0.156023647,10
4552,0.180276027,10
4553,0.081649679,10
4554,0.12449555,10
4555,0.012126188,10
4556,0.029911266,10
4557,-0.071140315,10
4558,-0.040420633,10
4559,-0.393696971,10
